source_row,split,Class
0,train,SEKER
1,train,SEKER
2,train,SEKER
3,train,SEKER
4,train,SEKER
5,train,SEKER
6,train,SEKER
7,train,SEKER
8,train,SEKER
9,train,SEKER
10,test,SEKER
11,validation,SEKER
12,train,SEKER
13,validation,SEKER
14,train,SEKER
15,validation,SEKER
16,train,SEKER
17,train,SEKER
18,train,SEKER
19,train,SEKER
20,train,SEKER
21,train,SEKER
22,test,SEKER
23,test,SEKER
24,train,SEKER
25,test,SEKER
26,train,SEKER
27,train,SEKER
28,test,SEKER
29,train,SEKER
30,train,SEKER
31,train,SEKER
32,train,SEKER
33,train,SEKER
34,test,SEKER
35,train,SEKER
36,test,SEKER
37,train,SEKER
38,train,SEKER
39,train,SEKER
40,train,SEKER
41,validation,SEKER
42,train,SEKER
43,train,SEKER
44,test,SEKER
45,train,SEKER
46,train,SEKER
47,train,SEKER
48,validation,SEKER
49,train,SEKER
50,test,SEKER
51,train,SEKER
52,train,SEKER
53,train,SEKER
54,train,SEKER
55,test,SEKER
56,validation,SEKER
57,train,SEKER
58,train,SEKER
59,test,SEKER
60,train,SEKER
61,train,SEKER
62,train,SEKER
63,train,SEKER
64,train,SEKER
65,train,SEKER
66,train,SEKER
67,train,SEKER
68,train,SEKER
69,train,SEKER
70,test,SEKER
71,train,SEKER
72,train,SEKER
73,train,SEKER
74,test,SEKER
75,train,SEKER
76,train,SEKER
77,train,SEKER
78,train,SEKER
79,train,SEKER
80,train,SEKER
81,train,SEKER
82,validation,SEKER
83,validation,SEKER
84,train,SEKER
85,train,SEKER
86,train,SEKER
87,test,SEKER
88,train,SEKER
89,train,SEKER
90,validation,SEKER
91,validation,SEKER
92,train,SEKER
93,test,SEKER
94,train,SEKER
95,train,SEKER
96,train,SEKER
97,train,SEKER
98,test,SEKER
99,train,SEKER
100,train,SEKER
101,train,SEKER
102,train,SEKER
103,test,SEKER
104,test,SEKER
105,test,SEKER
106,train,SEKER
107,train,SEKER
108,train,SEKER
109,validation,SEKER
110,train,SEKER
111,train,SEKER
112,test,SEKER
113,train,SEKER
114,train,SEKER
115,train,SEKER
116,train,SEKER
117,train,SEKER
118,train,SEKER
119,train,SEKER
120,train,SEKER
121,train,SEKER
122,validation,SEKER
123,train,SEKER
124,train,SEKER
125,train,SEKER
126,train,SEKER
127,test,SEKER
128,train,SEKER
129,train,SEKER
130,train,SEKER
131,train,SEKER
132,validation,SEKER
133,test,SEKER
134,train,SEKER
135,train,SEKER
136,train,SEKER
137,train,SEKER
138,validation,SEKER
139,train,SEKER
140,validation,SEKER
141,train,SEKER
142,train,SEKER
143,train,SEKER
144,train,SEKER
145,test,SEKER
146,train,SEKER
147,train,SEKER
148,test,SEKER
149,validation,SEKER
150,train,SEKER
151,train,SEKER
152,train,SEKER
153,train,SEKER
154,validation,SEKER
155,train,SEKER
156,train,SEKER
157,test,SEKER
158,train,SEKER
159,train,SEKER
160,test,SEKER
161,train,SEKER
162,train,SEKER
163,test,SEKER
164,test,SEKER
165,train,SEKER
166,train,SEKER
167,validation,SEKER
168,test,SEKER
169,train,SEKER
170,train,SEKER
171,train,SEKER
172,train,SEKER
173,train,SEKER
174,train,SEKER
175,validation,SEKER
176,test,SEKER
177,train,SEKER
178,train,SEKER
179,train,SEKER
180,test,SEKER
181,train,SEKER
182,train,SEKER
183,validation,SEKER
184,train,SEKER
185,train,SEKER
186,train,SEKER
187,test,SEKER
188,train,SEKER
189,train,SEKER
190,train,SEKER
191,validation,SEKER
192,test,SEKER
193,train,SEKER
194,train,SEKER
195,test,SEKER
196,train,SEKER
197,validation,SEKER
198,train,SEKER
199,train,SEKER
200,train,SEKER
201,test,SEKER
202,test,SEKER
203,test,SEKER
204,train,SEKER
205,train,SEKER
206,train,SEKER
207,train,SEKER
208,train,SEKER
209,train,SEKER
210,train,SEKER
211,train,SEKER
212,train,SEKER
213,test,SEKER
214,train,SEKER
215,validation,SEKER
216,train,SEKER
217,train,SEKER
218,test,SEKER
219,train,SEKER
220,train,SEKER
221,train,SEKER
222,train,SEKER
223,train,SEKER
224,test,SEKER
225,train,SEKER
226,train,SEKER
227,validation,SEKER
228,validation,SEKER
229,train,SEKER
230,train,SEKER
231,train,SEKER
232,train,SEKER
233,validation,SEKER
234,train,SEKER
235,test,SEKER
236,train,SEKER
237,train,SEKER
238,validation,SEKER
239,train,SEKER
240,train,SEKER
241,test,SEKER
242,train,SEKER
243,train,SEKER
244,train,SEKER
245,train,SEKER
246,train,SEKER
247,train,SEKER
248,test,SEKER
249,train,SEKER
250,train,SEKER
251,train,SEKER
252,validation,SEKER
253,train,SEKER
254,train,SEKER
255,train,SEKER
256,train,SEKER
257,train,SEKER
258,train,SEKER
259,train,SEKER
260,train,SEKER
261,test,SEKER
262,train,SEKER
263,train,SEKER
264,train,SEKER
265,train,SEKER
266,validation,SEKER
267,validation,SEKER
268,train,SEKER
269,validation,SEKER
270,test,SEKER
271,train,SEKER
272,train,SEKER
273,train,SEKER
274,test,SEKER
275,train,SEKER
276,validation,SEKER
277,train,SEKER
278,train,SEKER
279,train,SEKER
280,train,SEKER
281,train,SEKER
282,train,SEKER
283,train,SEKER
284,train,SEKER
285,train,SEKER
286,train,SEKER
287,train,SEKER
288,train,SEKER
289,test,SEKER
290,train,SEKER
291,train,SEKER
292,validation,SEKER
293,train,SEKER
294,train,SEKER
295,train,SEKER
296,train,SEKER
297,train,SEKER
298,validation,SEKER
299,train,SEKER
300,train,SEKER
301,test,SEKER
302,test,SEKER
303,train,SEKER
304,train,SEKER
305,train,SEKER
306,train,SEKER
307,test,SEKER
308,train,SEKER
309,train,SEKER
310,validation,SEKER
311,train,SEKER
312,train,SEKER
313,validation,SEKER
314,validation,SEKER
315,train,SEKER
316,validation,SEKER
317,validation,SEKER
318,train,SEKER
319,validation,SEKER
320,validation,SEKER
321,train,SEKER
322,validation,SEKER
323,validation,SEKER
324,train,SEKER
325,validation,SEKER
326,test,SEKER
327,train,SEKER
328,train,SEKER
329,train,SEKER
330,train,SEKER
331,train,SEKER
332,validation,SEKER
333,train,SEKER
334,train,SEKER
335,train,SEKER
336,train,SEKER
337,train,SEKER
338,train,SEKER
339,test,SEKER
340,train,SEKER
341,train,SEKER
342,train,SEKER
343,validation,SEKER
344,train,SEKER
345,train,SEKER
346,train,SEKER
347,train,SEKER
348,train,SEKER
349,train,SEKER
350,train,SEKER
351,train,SEKER
352,test,SEKER
353,validation,SEKER
354,train,SEKER
355,validation,SEKER
356,test,SEKER
357,train,SEKER
358,validation,SEKER
359,train,SEKER
360,train,SEKER
361,train,SEKER
362,test,SEKER
363,train,SEKER
364,train,SEKER
365,train,SEKER
366,train,SEKER
367,train,SEKER
368,train,SEKER
369,train,SEKER
370,test,SEKER
371,train,SEKER
372,train,SEKER
373,train,SEKER
374,train,SEKER
375,test,SEKER
376,test,SEKER
377,train,SEKER
378,train,SEKER
379,validation,SEKER
380,test,SEKER
381,train,SEKER
382,train,SEKER
383,train,SEKER
384,validation,SEKER
385,validation,SEKER
386,test,SEKER
387,train,SEKER
388,train,SEKER
389,validation,SEKER
390,train,SEKER
391,train,SEKER
392,test,SEKER
393,validation,SEKER
394,train,SEKER
395,test,SEKER
396,train,SEKER
397,train,SEKER
398,train,SEKER
399,train,SEKER
400,validation,SEKER
401,train,SEKER
402,train,SEKER
403,train,SEKER
404,train,SEKER
405,train,SEKER
406,train,SEKER
407,train,SEKER
408,train,SEKER
409,train,SEKER
410,validation,SEKER
411,train,SEKER
412,validation,SEKER
413,train,SEKER
414,validation,SEKER
415,train,SEKER
416,train,SEKER
417,train,SEKER
418,train,SEKER
419,train,SEKER
420,train,SEKER
421,validation,SEKER
422,train,SEKER
423,train,SEKER
424,train,SEKER
425,test,SEKER
426,train,SEKER
427,train,SEKER
428,train,SEKER
429,train,SEKER
430,test,SEKER
431,train,SEKER
432,train,SEKER
433,validation,SEKER
434,train,SEKER
435,train,SEKER
436,train,SEKER
437,validation,SEKER
438,train,SEKER
439,train,SEKER
440,test,SEKER
441,train,SEKER
442,validation,SEKER
443,train,SEKER
444,train,SEKER
445,validation,SEKER
446,test,SEKER
447,validation,SEKER
448,validation,SEKER
449,train,SEKER
450,train,SEKER
451,train,SEKER
452,test,SEKER
453,validation,SEKER
454,test,SEKER
455,train,SEKER
456,validation,SEKER
457,train,SEKER
458,train,SEKER
459,train,SEKER
460,train,SEKER
461,test,SEKER
462,train,SEKER
463,test,SEKER
464,train,SEKER
465,validation,SEKER
466,validation,SEKER
467,test,SEKER
468,train,SEKER
469,train,SEKER
470,validation,SEKER
471,train,SEKER
472,train,SEKER
473,train,SEKER
474,validation,SEKER
475,train,SEKER
476,test,SEKER
477,train,SEKER
478,train,SEKER
479,train,SEKER
480,validation,SEKER
481,train,SEKER
482,train,SEKER
483,train,SEKER
484,train,SEKER
485,train,SEKER
486,test,SEKER
487,train,SEKER
488,test,SEKER
489,train,SEKER
490,train,SEKER
491,train,SEKER
492,train,SEKER
493,train,SEKER
494,train,SEKER
495,train,SEKER
496,train,SEKER
497,train,SEKER
498,validation,SEKER
499,test,SEKER
500,train,SEKER
501,train,SEKER
502,train,SEKER
503,train,SEKER
504,test,SEKER
505,train,SEKER
506,train,SEKER
507,train,SEKER
508,train,SEKER
509,train,SEKER
510,train,SEKER
511,validation,SEKER
512,train,SEKER
513,validation,SEKER
514,train,SEKER
515,train,SEKER
516,train,SEKER
517,train,SEKER
518,train,SEKER
519,validation,SEKER
520,train,SEKER
521,test,SEKER
522,train,SEKER
523,train,SEKER
524,train,SEKER
525,train,SEKER
526,test,SEKER
527,train,SEKER
528,train,SEKER
529,validation,SEKER
530,train,SEKER
531,train,SEKER
532,train,SEKER
533,train,SEKER
534,train,SEKER
535,test,SEKER
536,test,SEKER
537,train,SEKER
538,train,SEKER
539,test,SEKER
540,train,SEKER
541,train,SEKER
542,train,SEKER
543,train,SEKER
544,validation,SEKER
545,test,SEKER
546,train,SEKER
547,validation,SEKER
548,train,SEKER
549,train,SEKER
550,test,SEKER
551,validation,SEKER
552,validation,SEKER
553,validation,SEKER
554,validation,SEKER
555,train,SEKER
556,validation,SEKER
557,test,SEKER
558,train,SEKER
559,validation,SEKER
560,train,SEKER
561,train,SEKER
562,train,SEKER
563,train,SEKER
564,train,SEKER
565,train,SEKER
566,train,SEKER
567,test,SEKER
568,train,SEKER
569,train,SEKER
570,train,SEKER
571,train,SEKER
572,validation,SEKER
573,test,SEKER
574,train,SEKER
575,train,SEKER
576,train,SEKER
577,train,SEKER
578,train,SEKER
579,train,SEKER
580,train,SEKER
581,validation,SEKER
582,train,SEKER
583,train,SEKER
584,validation,SEKER
585,train,SEKER
586,validation,SEKER
587,train,SEKER
588,validation,SEKER
589,train,SEKER
590,train,SEKER
591,test,SEKER
592,train,SEKER
593,test,SEKER
594,test,SEKER
595,train,SEKER
596,validation,SEKER
597,validation,SEKER
598,train,SEKER
599,validation,SEKER
600,validation,SEKER
601,train,SEKER
602,train,SEKER
603,test,SEKER
604,test,SEKER
605,test,SEKER
606,train,SEKER
607,train,SEKER
608,train,SEKER
609,train,SEKER
610,train,SEKER
611,train,SEKER
612,train,SEKER
613,train,SEKER
614,test,SEKER
615,train,SEKER
616,train,SEKER
617,train,SEKER
618,test,SEKER
619,train,SEKER
620,validation,SEKER
621,train,SEKER
622,train,SEKER
623,train,SEKER
624,train,SEKER
625,train,SEKER
626,test,SEKER
627,validation,SEKER
628,train,SEKER
629,train,SEKER
630,train,SEKER
631,test,SEKER
632,train,SEKER
633,validation,SEKER
634,train,SEKER
635,train,SEKER
636,train,SEKER
637,validation,SEKER
638,test,SEKER
639,train,SEKER
640,train,SEKER
641,train,SEKER
642,train,SEKER
643,test,SEKER
644,train,SEKER
645,test,SEKER
646,train,SEKER
647,train,SEKER
648,train,SEKER
649,train,SEKER
650,train,SEKER
651,train,SEKER
652,test,SEKER
653,train,SEKER
654,train,SEKER
655,train,SEKER
656,test,SEKER
657,train,SEKER
658,train,SEKER
659,train,SEKER
660,train,SEKER
661,train,SEKER
662,train,SEKER
663,test,SEKER
664,train,SEKER
665,test,SEKER
666,train,SEKER
667,train,SEKER
668,train,SEKER
669,validation,SEKER
670,train,SEKER
671,train,SEKER
672,validation,SEKER
673,train,SEKER
674,train,SEKER
675,train,SEKER
676,train,SEKER
677,train,SEKER
678,train,SEKER
679,train,SEKER
680,train,SEKER
681,train,SEKER
682,test,SEKER
683,train,SEKER
684,train,SEKER
685,train,SEKER
686,test,SEKER
687,train,SEKER
688,validation,SEKER
689,train,SEKER
690,train,SEKER
691,test,SEKER
692,train,SEKER
693,train,SEKER
694,train,SEKER
695,train,SEKER
696,train,SEKER
697,train,SEKER
698,train,SEKER
699,validation,SEKER
700,test,SEKER
701,validation,SEKER
702,validation,SEKER
703,train,SEKER
704,train,SEKER
705,validation,SEKER
706,train,SEKER
707,train,SEKER
708,test,SEKER
709,test,SEKER
710,train,SEKER
711,train,SEKER
712,validation,SEKER
713,train,SEKER
714,test,SEKER
715,test,SEKER
716,test,SEKER
717,test,SEKER
718,train,SEKER
719,train,SEKER
720,train,SEKER
721,train,SEKER
722,validation,SEKER
723,train,SEKER
724,train,SEKER
725,train,SEKER
726,train,SEKER
727,train,SEKER
728,train,SEKER
729,test,SEKER
730,train,SEKER
731,train,SEKER
732,train,SEKER
733,train,SEKER
734,validation,SEKER
735,train,SEKER
736,train,SEKER
737,test,SEKER
738,test,SEKER
739,train,SEKER
740,train,SEKER
741,validation,SEKER
742,test,SEKER
743,train,SEKER
744,train,SEKER
745,train,SEKER
746,train,SEKER
747,train,SEKER
748,validation,SEKER
749,train,SEKER
750,validation,SEKER
751,train,SEKER
752,train,SEKER
753,train,SEKER
754,train,SEKER
755,train,SEKER
756,test,SEKER
757,train,SEKER
758,train,SEKER
759,train,SEKER
760,train,SEKER
761,train,SEKER
762,train,SEKER
763,train,SEKER
764,validation,SEKER
765,train,SEKER
766,train,SEKER
767,train,SEKER
768,validation,SEKER
769,train,SEKER
770,train,SEKER
771,train,SEKER
772,train,SEKER
773,train,SEKER
774,train,SEKER
775,train,SEKER
776,train,SEKER
777,train,SEKER
778,validation,SEKER
779,train,SEKER
780,train,SEKER
781,train,SEKER
782,test,SEKER
783,validation,SEKER
784,train,SEKER
785,train,SEKER
786,train,SEKER
787,train,SEKER
788,validation,SEKER
789,test,SEKER
790,train,SEKER
791,train,SEKER
792,train,SEKER
793,train,SEKER
794,train,SEKER
795,train,SEKER
796,train,SEKER
797,validation,SEKER
798,validation,SEKER
799,validation,SEKER
800,train,SEKER
801,validation,SEKER
802,train,SEKER
803,train,SEKER
804,validation,SEKER
805,train,SEKER
806,train,SEKER
807,test,SEKER
808,train,SEKER
809,validation,SEKER
810,test,SEKER
811,train,SEKER
812,train,SEKER
813,train,SEKER
814,train,SEKER
815,train,SEKER
816,train,SEKER
817,train,SEKER
818,test,SEKER
819,train,SEKER
820,validation,SEKER
821,train,SEKER
822,test,SEKER
823,test,SEKER
824,train,SEKER
825,train,SEKER
826,test,SEKER
827,train,SEKER
828,train,SEKER
829,train,SEKER
830,test,SEKER
831,train,SEKER
832,validation,SEKER
833,train,SEKER
834,train,SEKER
835,train,SEKER
836,train,SEKER
837,validation,SEKER
838,validation,SEKER
839,train,SEKER
840,train,SEKER
841,train,SEKER
842,train,SEKER
843,train,SEKER
844,train,SEKER
845,train,SEKER
846,train,SEKER
847,train,SEKER
848,test,SEKER
849,test,SEKER
850,train,SEKER
851,test,SEKER
852,train,SEKER
853,train,SEKER
854,train,SEKER
855,train,SEKER
856,train,SEKER
857,validation,SEKER
858,train,SEKER
859,train,SEKER
860,train,SEKER
861,train,SEKER
862,train,SEKER
863,train,SEKER
864,validation,SEKER
865,train,SEKER
866,train,SEKER
867,train,SEKER
868,validation,SEKER
869,validation,SEKER
870,train,SEKER
871,validation,SEKER
872,test,SEKER
873,validation,SEKER
874,test,SEKER
875,validation,SEKER
876,train,SEKER
877,test,SEKER
878,train,SEKER
879,train,SEKER
880,train,SEKER
881,train,SEKER
882,train,SEKER
883,train,SEKER
884,train,SEKER
885,train,SEKER
886,test,SEKER
887,train,SEKER
888,train,SEKER
889,test,SEKER
890,train,SEKER
891,validation,SEKER
892,test,SEKER
893,train,SEKER
894,train,SEKER
895,train,SEKER
896,validation,SEKER
897,train,SEKER
898,train,SEKER
899,test,SEKER
900,train,SEKER
901,train,SEKER
902,train,SEKER
903,train,SEKER
904,test,SEKER
905,train,SEKER
906,train,SEKER
907,train,SEKER
908,validation,SEKER
909,validation,SEKER
910,validation,SEKER
911,train,SEKER
912,train,SEKER
913,validation,SEKER
914,train,SEKER
915,train,SEKER
916,validation,SEKER
917,test,SEKER
918,test,SEKER
919,validation,SEKER
920,train,SEKER
921,test,SEKER
922,train,SEKER
923,train,SEKER
924,train,SEKER
925,train,SEKER
926,train,SEKER
927,train,SEKER
928,train,SEKER
929,train,SEKER
930,train,SEKER
931,validation,SEKER
932,train,SEKER
933,train,SEKER
934,train,SEKER
935,train,SEKER
936,train,SEKER
937,train,SEKER
938,validation,SEKER
939,test,SEKER
940,train,SEKER
941,train,SEKER
942,train,SEKER
943,validation,SEKER
944,train,SEKER
945,train,SEKER
946,test,SEKER
947,train,SEKER
948,train,SEKER
949,train,SEKER
950,train,SEKER
951,train,SEKER
952,train,SEKER
953,train,SEKER
954,train,SEKER
955,validation,SEKER
956,validation,SEKER
957,train,SEKER
958,train,SEKER
959,train,SEKER
960,train,SEKER
961,validation,SEKER
962,train,SEKER
963,train,SEKER
964,train,SEKER
965,validation,SEKER
966,test,SEKER
967,train,SEKER
968,test,SEKER
969,train,SEKER
970,train,SEKER
971,validation,SEKER
972,train,SEKER
973,train,SEKER
974,train,SEKER
975,validation,SEKER
976,train,SEKER
977,train,SEKER
978,validation,SEKER
979,train,SEKER
980,train,SEKER
981,train,SEKER
982,train,SEKER
983,validation,SEKER
984,train,SEKER
985,train,SEKER
986,test,SEKER
987,train,SEKER
988,test,SEKER
989,train,SEKER
990,train,SEKER
991,test,SEKER
992,train,SEKER
993,test,SEKER
994,test,SEKER
995,test,SEKER
996,validation,SEKER
997,train,SEKER
998,train,SEKER
999,train,SEKER
1000,train,SEKER
1001,train,SEKER
1002,train,SEKER
1003,train,SEKER
1004,train,SEKER
1005,train,SEKER
1006,train,SEKER
1007,train,SEKER
1008,train,SEKER
1009,validation,SEKER
1010,train,SEKER
1011,train,SEKER
1012,train,SEKER
1013,validation,SEKER
1014,train,SEKER
1015,train,SEKER
1016,validation,SEKER
1017,train,SEKER
1018,test,SEKER
1019,train,SEKER
1020,test,SEKER
1021,train,SEKER
1022,train,SEKER
1023,train,SEKER
1024,train,SEKER
1025,train,SEKER
1026,train,SEKER
1027,train,SEKER
1028,train,SEKER
1029,validation,SEKER
1030,validation,SEKER
1031,train,SEKER
1032,validation,SEKER
1033,test,SEKER
1034,train,SEKER
1035,validation,SEKER
1036,train,SEKER
1037,train,SEKER
1038,train,SEKER
1039,train,SEKER
1040,train,SEKER
1041,train,SEKER
1042,train,SEKER
1043,test,SEKER
1044,train,SEKER
1045,validation,SEKER
1046,train,SEKER
1047,train,SEKER
1048,train,SEKER
1049,train,SEKER
1050,train,SEKER
1051,test,SEKER
1052,train,SEKER
1053,train,SEKER
1054,train,SEKER
1055,train,SEKER
1056,train,SEKER
1057,test,SEKER
1058,train,SEKER
1059,train,SEKER
1060,train,SEKER
1061,train,SEKER
1062,train,SEKER
1063,train,SEKER
1064,train,SEKER
1065,test,SEKER
1066,test,SEKER
1067,test,SEKER
1068,train,SEKER
1069,validation,SEKER
1070,train,SEKER
1071,test,SEKER
1072,train,SEKER
1073,train,SEKER
1074,train,SEKER
1075,test,SEKER
1076,train,SEKER
1077,test,SEKER
1078,train,SEKER
1079,test,SEKER
1080,validation,SEKER
1081,train,SEKER
1082,train,SEKER
1083,train,SEKER
1084,train,SEKER
1085,test,SEKER
1086,train,SEKER
1087,train,SEKER
1088,test,SEKER
1089,validation,SEKER
1090,train,SEKER
1091,train,SEKER
1092,train,SEKER
1093,train,SEKER
1094,validation,SEKER
1095,train,SEKER
1096,train,SEKER
1097,train,SEKER
1098,train,SEKER
1099,train,SEKER
1100,validation,SEKER
1101,train,SEKER
1102,validation,SEKER
1103,test,SEKER
1104,train,SEKER
1105,test,SEKER
1106,train,SEKER
1107,train,SEKER
1108,train,SEKER
1109,train,SEKER
1110,train,SEKER
1111,train,SEKER
1112,train,SEKER
1113,train,SEKER
1114,test,SEKER
1115,train,SEKER
1116,train,SEKER
1117,train,SEKER
1118,train,SEKER
1119,train,SEKER
1120,train,SEKER
1121,train,SEKER
1122,train,SEKER
1123,train,SEKER
1124,test,SEKER
1125,train,SEKER
1126,train,SEKER
1127,train,SEKER
1128,train,SEKER
1129,test,SEKER
1130,train,SEKER
1131,test,SEKER
1132,train,SEKER
1133,train,SEKER
1134,train,SEKER
1135,train,SEKER
1136,test,SEKER
1137,train,SEKER
1138,train,SEKER
1139,train,SEKER
1140,train,SEKER
1141,test,SEKER
1142,train,SEKER
1143,train,SEKER
1144,train,SEKER
1145,train,SEKER
1146,train,SEKER
1147,train,SEKER
1148,validation,SEKER
1149,train,SEKER
1150,validation,SEKER
1151,validation,SEKER
1152,validation,SEKER
1153,validation,SEKER
1154,train,SEKER
1155,train,SEKER
1156,test,SEKER
1157,train,SEKER
1158,train,SEKER
1159,train,SEKER
1160,train,SEKER
1161,test,SEKER
1162,train,SEKER
1163,train,SEKER
1164,test,SEKER
1165,train,SEKER
1166,train,SEKER
1167,validation,SEKER
1168,train,SEKER
1169,test,SEKER
1170,train,SEKER
1171,validation,SEKER
1172,train,SEKER
1173,train,SEKER
1174,train,SEKER
1175,validation,SEKER
1176,validation,SEKER
1177,train,SEKER
1178,train,SEKER
1179,test,SEKER
1180,train,SEKER
1181,train,SEKER
1182,train,SEKER
1183,train,SEKER
1184,train,SEKER
1185,test,SEKER
1186,validation,SEKER
1187,train,SEKER
1188,validation,SEKER
1189,train,SEKER
1190,test,SEKER
1191,train,SEKER
1192,train,SEKER
1193,validation,SEKER
1194,train,SEKER
1195,train,SEKER
1196,train,SEKER
1197,train,SEKER
1198,train,SEKER
1199,validation,SEKER
1200,train,SEKER
1201,train,SEKER
1202,train,SEKER
1203,train,SEKER
1204,train,SEKER
1205,train,SEKER
1206,train,SEKER
1207,train,SEKER
1208,train,SEKER
1209,validation,SEKER
1210,validation,SEKER
1211,train,SEKER
1212,train,SEKER
1213,train,SEKER
1214,test,SEKER
1215,train,SEKER
1216,test,SEKER
1217,train,SEKER
1218,train,SEKER
1219,train,SEKER
1220,train,SEKER
1221,train,SEKER
1222,train,SEKER
1223,validation,SEKER
1224,validation,SEKER
1225,test,SEKER
1226,validation,SEKER
1227,train,SEKER
1228,train,SEKER
1229,train,SEKER
1230,train,SEKER
1231,test,SEKER
1232,test,SEKER
1233,train,SEKER
1234,test,SEKER
1235,test,SEKER
1236,validation,SEKER
1237,train,SEKER
1238,test,SEKER
1239,train,SEKER
1240,train,SEKER
1241,train,SEKER
1242,train,SEKER
1243,validation,SEKER
1244,train,SEKER
1245,train,SEKER
1246,train,SEKER
1247,train,SEKER
1248,train,SEKER
1249,train,SEKER
1250,train,SEKER
1251,train,SEKER
1252,train,SEKER
1253,test,SEKER
1254,train,SEKER
1255,train,SEKER
1256,train,SEKER
1257,train,SEKER
1258,train,SEKER
1259,train,SEKER
1260,train,SEKER
1261,train,SEKER
1262,train,SEKER
1263,validation,SEKER
1264,train,SEKER
1265,train,SEKER
1266,train,SEKER
1267,train,SEKER
1268,train,SEKER
1269,test,SEKER
1270,train,SEKER
1271,train,SEKER
1272,train,SEKER
1273,train,SEKER
1274,train,SEKER
1275,train,SEKER
1276,validation,SEKER
1277,train,SEKER
1278,train,SEKER
1279,train,SEKER
1280,train,SEKER
1281,train,SEKER
1282,train,SEKER
1283,train,SEKER
1284,train,SEKER
1285,train,SEKER
1286,train,SEKER
1287,train,SEKER
1288,train,SEKER
1289,validation,SEKER
1290,train,SEKER
1291,train,SEKER
1292,train,SEKER
1293,test,SEKER
1294,train,SEKER
1295,train,SEKER
1296,train,SEKER
1297,train,SEKER
1298,train,SEKER
1299,train,SEKER
1300,train,SEKER
1301,train,SEKER
1302,train,SEKER
1303,train,SEKER
1304,validation,SEKER
1305,train,SEKER
1306,train,SEKER
1307,train,SEKER
1308,test,SEKER
1309,test,SEKER
1310,validation,SEKER
1311,train,SEKER
1312,validation,SEKER
1313,test,SEKER
1314,train,SEKER
1315,test,SEKER
1316,train,SEKER
1317,train,SEKER
1318,validation,SEKER
1319,train,SEKER
1320,test,SEKER
1321,train,SEKER
1322,train,SEKER
1323,train,SEKER
1324,train,SEKER
1325,train,SEKER
1326,train,SEKER
1327,train,SEKER
1328,train,SEKER
1329,train,SEKER
1330,train,SEKER
1331,train,SEKER
1332,train,SEKER
1333,train,SEKER
1334,train,SEKER
1335,train,SEKER
1336,test,SEKER
1337,train,SEKER
1338,train,SEKER
1339,validation,SEKER
1340,test,SEKER
1341,train,SEKER
1342,test,SEKER
1343,validation,SEKER
1344,train,SEKER
1345,train,SEKER
1346,validation,SEKER
1347,test,SEKER
1348,train,SEKER
1349,validation,SEKER
1350,train,SEKER
1351,test,SEKER
1352,validation,SEKER
1353,test,SEKER
1354,train,SEKER
1355,train,SEKER
1356,test,SEKER
1357,train,SEKER
1358,train,SEKER
1359,test,SEKER
1360,validation,SEKER
1361,train,SEKER
1362,train,SEKER
1363,test,SEKER
1364,test,SEKER
1365,train,SEKER
1366,validation,SEKER
1367,validation,SEKER
1368,train,SEKER
1369,train,SEKER
1370,train,SEKER
1371,train,SEKER
1372,validation,SEKER
1373,train,SEKER
1374,train,SEKER
1375,train,SEKER
1376,test,SEKER
1377,train,SEKER
1378,train,SEKER
1379,train,SEKER
1380,train,SEKER
1381,train,SEKER
1382,validation,SEKER
1383,train,SEKER
1384,train,SEKER
1385,train,SEKER
1386,test,SEKER
1387,train,SEKER
1388,train,SEKER
1389,train,SEKER
1390,train,SEKER
1391,train,SEKER
1392,test,SEKER
1393,train,SEKER
1394,test,SEKER
1395,validation,SEKER
1396,train,SEKER
1397,train,SEKER
1398,train,SEKER
1399,train,SEKER
1400,train,SEKER
1401,train,SEKER
1402,test,SEKER
1403,train,SEKER
1404,train,SEKER
1405,validation,SEKER
1406,train,SEKER
1407,test,SEKER
1408,train,SEKER
1409,train,SEKER
1410,train,SEKER
1411,train,SEKER
1412,train,SEKER
1413,train,SEKER
1414,train,SEKER
1415,train,SEKER
1416,validation,SEKER
1417,validation,SEKER
1418,test,SEKER
1419,test,SEKER
1420,train,SEKER
1421,train,SEKER
1422,train,SEKER
1423,train,SEKER
1424,train,SEKER
1425,validation,SEKER
1426,train,SEKER
1427,test,SEKER
1428,test,SEKER
1429,train,SEKER
1430,train,SEKER
1431,train,SEKER
1432,train,SEKER
1433,train,SEKER
1434,train,SEKER
1435,train,SEKER
1436,train,SEKER
1437,train,SEKER
1438,train,SEKER
1439,validation,SEKER
1440,train,SEKER
1441,validation,SEKER
1442,train,SEKER
1443,validation,SEKER
1444,train,SEKER
1445,validation,SEKER
1446,test,SEKER
1447,train,SEKER
1448,test,SEKER
1449,validation,SEKER
1450,train,SEKER
1451,train,SEKER
1452,train,SEKER
1453,train,SEKER
1454,train,SEKER
1455,train,SEKER
1456,train,SEKER
1457,train,SEKER
1458,train,SEKER
1459,train,SEKER
1460,train,SEKER
1461,train,SEKER
1462,test,SEKER
1463,train,SEKER
1464,train,SEKER
1465,validation,SEKER
1466,train,SEKER
1467,train,SEKER
1468,train,SEKER
1469,train,SEKER
1470,train,SEKER
1471,train,SEKER
1472,train,SEKER
1473,train,SEKER
1474,train,SEKER
1475,test,SEKER
1476,test,SEKER
1477,train,SEKER
1478,test,SEKER
1479,train,SEKER
1480,train,SEKER
1481,train,SEKER
1482,train,SEKER
1483,train,SEKER
1484,test,SEKER
1485,train,SEKER
1486,train,SEKER
1487,train,SEKER
1488,train,SEKER
1489,train,SEKER
1490,validation,SEKER
1491,train,SEKER
1492,train,SEKER
1493,train,SEKER
1494,train,SEKER
1495,train,SEKER
1496,validation,SEKER
1497,train,SEKER
1498,train,SEKER
1499,train,SEKER
1500,train,SEKER
1501,train,SEKER
1502,train,SEKER
1503,train,SEKER
1504,train,SEKER
1505,train,SEKER
1506,train,SEKER
1507,test,SEKER
1508,validation,SEKER
1509,train,SEKER
1510,train,SEKER
1511,train,SEKER
1512,train,SEKER
1513,train,SEKER
1514,validation,SEKER
1515,train,SEKER
1516,train,SEKER
1517,test,SEKER
1518,train,SEKER
1519,train,SEKER
1520,validation,SEKER
1521,train,SEKER
1522,train,SEKER
1523,train,SEKER
1524,train,SEKER
1525,train,SEKER
1526,test,SEKER
1527,train,SEKER
1528,train,SEKER
1529,test,SEKER
1530,train,SEKER
1531,train,SEKER
1532,test,SEKER
1533,test,SEKER
1534,train,SEKER
1535,validation,SEKER
1536,train,SEKER
1537,train,SEKER
1538,train,SEKER
1539,train,SEKER
1540,train,SEKER
1541,train,SEKER
1542,train,SEKER
1543,train,SEKER
1544,train,SEKER
1545,train,SEKER
1546,train,SEKER
1547,train,SEKER
1548,train,SEKER
1549,train,SEKER
1550,train,SEKER
1551,test,SEKER
1552,train,SEKER
1553,train,SEKER
1554,validation,SEKER
1555,train,SEKER
1556,train,SEKER
1557,validation,SEKER
1558,test,SEKER
1559,test,SEKER
1560,train,SEKER
1561,test,SEKER
1562,test,SEKER
1563,train,SEKER
1564,validation,SEKER
1565,train,SEKER
1566,validation,SEKER
1567,train,SEKER
1568,train,SEKER
1569,test,SEKER
1570,train,SEKER
1571,test,SEKER
1572,train,SEKER
1573,train,SEKER
1574,train,SEKER
1575,train,SEKER
1576,train,SEKER
1577,train,SEKER
1578,test,SEKER
1579,train,SEKER
1580,train,SEKER
1581,test,SEKER
1582,validation,SEKER
1583,test,SEKER
1584,train,SEKER
1585,validation,SEKER
1586,train,SEKER
1587,test,SEKER
1588,train,SEKER
1589,validation,SEKER
1590,train,SEKER
1591,validation,SEKER
1592,train,SEKER
1593,test,SEKER
1594,train,SEKER
1595,train,SEKER
1596,validation,SEKER
1597,train,SEKER
1598,train,SEKER
1599,test,SEKER
1600,train,SEKER
1601,train,SEKER
1602,train,SEKER
1603,train,SEKER
1604,train,SEKER
1605,train,SEKER
1606,validation,SEKER
1607,train,SEKER
1608,train,SEKER
1609,train,SEKER
1610,train,SEKER
1611,train,SEKER
1612,validation,SEKER
1613,train,SEKER
1614,train,SEKER
1615,train,SEKER
1616,validation,SEKER
1617,train,SEKER
1618,train,SEKER
1619,train,SEKER
1620,test,SEKER
1621,train,SEKER
1622,train,SEKER
1623,validation,SEKER
1624,train,SEKER
1625,train,SEKER
1626,train,SEKER
1627,test,SEKER
1628,train,SEKER
1629,test,SEKER
1630,train,SEKER
1631,test,SEKER
1632,train,SEKER
1633,train,SEKER
1634,train,SEKER
1635,train,SEKER
1636,train,SEKER
1637,validation,SEKER
1638,train,SEKER
1639,test,SEKER
1640,validation,SEKER
1641,train,SEKER
1642,train,SEKER
1643,validation,SEKER
1644,validation,SEKER
1645,train,SEKER
1646,validation,SEKER
1647,train,SEKER
1648,validation,SEKER
1649,train,SEKER
1650,train,SEKER
1651,test,SEKER
1652,train,SEKER
1653,test,SEKER
1654,train,SEKER
1655,train,SEKER
1656,test,SEKER
1657,train,SEKER
1658,test,SEKER
1659,test,SEKER
1660,train,SEKER
1661,train,SEKER
1662,train,SEKER
1663,train,SEKER
1664,train,SEKER
1665,train,SEKER
1666,test,SEKER
1667,train,SEKER
1668,train,SEKER
1669,validation,SEKER
1670,validation,SEKER
1671,train,SEKER
1672,train,SEKER
1673,train,SEKER
1674,validation,SEKER
1675,train,SEKER
1676,train,SEKER
1677,train,SEKER
1678,train,SEKER
1679,train,SEKER
1680,validation,SEKER
1681,validation,SEKER
1682,test,SEKER
1683,train,SEKER
1684,validation,SEKER
1685,test,SEKER
1686,train,SEKER
1687,train,SEKER
1688,test,SEKER
1689,train,SEKER
1690,train,SEKER
1691,validation,SEKER
1692,validation,SEKER
1693,train,SEKER
1694,test,SEKER
1695,test,SEKER
1696,train,SEKER
1697,train,SEKER
1698,train,SEKER
1699,validation,SEKER
1700,train,SEKER
1701,train,SEKER
1702,test,SEKER
1703,train,SEKER
1704,validation,SEKER
1705,train,SEKER
1706,train,SEKER
1707,test,SEKER
1708,train,SEKER
1709,train,SEKER
1710,train,SEKER
1711,train,SEKER
1712,train,SEKER
1713,train,SEKER
1714,validation,SEKER
1715,train,SEKER
1716,train,SEKER
1717,train,SEKER
1718,train,SEKER
1719,train,SEKER
1720,validation,SEKER
1721,validation,SEKER
1722,train,SEKER
1723,train,SEKER
1724,train,SEKER
1725,validation,SEKER
1726,validation,SEKER
1727,train,SEKER
1728,train,SEKER
1729,validation,SEKER
1730,validation,SEKER
1731,train,SEKER
1732,train,SEKER
1733,test,SEKER
1734,train,SEKER
1735,train,SEKER
1736,train,SEKER
1737,train,SEKER
1738,validation,SEKER
1739,train,SEKER
1740,train,SEKER
1741,train,SEKER
1742,train,SEKER
1743,train,SEKER
1744,train,SEKER
1745,train,SEKER
1746,train,SEKER
1747,train,SEKER
1748,train,SEKER
1749,validation,SEKER
1750,train,SEKER
1751,train,SEKER
1752,train,SEKER
1753,train,SEKER
1754,train,SEKER
1755,test,SEKER
1756,train,SEKER
1757,train,SEKER
1758,train,SEKER
1759,validation,SEKER
1760,test,SEKER
1761,train,SEKER
1762,train,SEKER
1763,validation,SEKER
1764,train,SEKER
1765,train,SEKER
1766,train,SEKER
1767,validation,SEKER
1768,validation,SEKER
1769,train,SEKER
1770,train,SEKER
1771,train,SEKER
1772,validation,SEKER
1773,test,SEKER
1774,train,SEKER
1775,train,SEKER
1776,train,SEKER
1777,train,SEKER
1778,test,SEKER
1779,train,SEKER
1780,train,SEKER
1781,train,SEKER
1782,train,SEKER
1783,test,SEKER
1784,train,SEKER
1785,validation,SEKER
1786,train,SEKER
1787,train,SEKER
1788,train,SEKER
1789,train,SEKER
1790,train,SEKER
1791,train,SEKER
1792,train,SEKER
1793,validation,SEKER
1794,test,SEKER
1795,test,SEKER
1796,validation,SEKER
1797,validation,SEKER
1798,train,SEKER
1799,train,SEKER
1800,train,SEKER
1801,train,SEKER
1802,train,SEKER
1803,train,SEKER
1804,train,SEKER
1805,test,SEKER
1806,train,SEKER
1807,train,SEKER
1808,test,SEKER
1809,test,SEKER
1810,validation,SEKER
1811,train,SEKER
1812,test,SEKER
1813,train,SEKER
1814,train,SEKER
1815,test,SEKER
1816,train,SEKER
1817,train,SEKER
1818,train,SEKER
1819,train,SEKER
1820,train,SEKER
1821,train,SEKER
1822,validation,SEKER
1823,test,SEKER
1824,train,SEKER
1825,test,SEKER
1826,train,SEKER
1827,train,SEKER
1828,train,SEKER
1829,train,SEKER
1830,test,SEKER
1831,train,SEKER
1832,train,SEKER
1833,train,SEKER
1834,train,SEKER
1835,train,SEKER
1836,train,SEKER
1837,train,SEKER
1838,train,SEKER
1839,train,SEKER
1840,validation,SEKER
1841,train,SEKER
1842,train,SEKER
1843,train,SEKER
1844,test,SEKER
1845,train,SEKER
1846,test,SEKER
1847,train,SEKER
1848,validation,SEKER
1849,test,SEKER
1850,validation,SEKER
1851,train,SEKER
1852,train,SEKER
1853,test,SEKER
1854,train,SEKER
1855,train,SEKER
1856,train,SEKER
1857,train,SEKER
1858,train,SEKER
1859,train,SEKER
1860,validation,SEKER
1861,train,SEKER
1862,train,SEKER
1863,test,SEKER
1864,test,SEKER
1865,train,SEKER
1866,validation,SEKER
1867,train,SEKER
1868,train,SEKER
1869,train,SEKER
1870,train,SEKER
1871,train,SEKER
1872,train,SEKER
1873,train,SEKER
1874,validation,SEKER
1875,train,SEKER
1876,validation,SEKER
1877,train,SEKER
1878,train,SEKER
1879,test,SEKER
1880,validation,SEKER
1881,train,SEKER
1882,train,SEKER
1883,train,SEKER
1884,train,SEKER
1885,validation,SEKER
1886,train,SEKER
1887,train,SEKER
1888,train,SEKER
1889,train,SEKER
1890,validation,SEKER
1891,train,SEKER
1892,train,SEKER
1893,train,SEKER
1894,train,SEKER
1895,test,SEKER
1896,train,SEKER
1897,train,SEKER
1898,train,SEKER
1899,train,SEKER
1900,validation,SEKER
1901,test,SEKER
1902,train,SEKER
1903,train,SEKER
1904,test,SEKER
1905,train,SEKER
1906,train,SEKER
1907,validation,SEKER
1908,train,SEKER
1909,train,SEKER
1910,train,SEKER
1911,validation,SEKER
1912,train,SEKER
1913,train,SEKER
1914,test,SEKER
1915,train,SEKER
1916,train,SEKER
1917,train,SEKER
1918,train,SEKER
1919,train,SEKER
1920,validation,SEKER
1921,train,SEKER
1922,validation,SEKER
1923,test,SEKER
1924,train,SEKER
1925,train,SEKER
1926,validation,SEKER
1927,train,SEKER
1928,train,SEKER
1929,test,SEKER
1930,validation,SEKER
1931,train,SEKER
1932,test,SEKER
1933,train,SEKER
1934,train,SEKER
1935,train,SEKER
1936,train,SEKER
1937,validation,SEKER
1938,train,SEKER
1939,train,SEKER
1940,train,SEKER
1941,train,SEKER
1942,test,SEKER
1943,validation,SEKER
1944,train,SEKER
1945,validation,SEKER
1946,train,SEKER
1947,train,SEKER
1948,train,SEKER
1949,test,SEKER
1950,train,SEKER
1951,train,SEKER
1952,train,SEKER
1953,train,SEKER
1954,train,SEKER
1955,train,SEKER
1956,validation,SEKER
1957,test,SEKER
1958,train,SEKER
1959,train,SEKER
1960,validation,SEKER
1961,train,SEKER
1962,train,SEKER
1963,validation,SEKER
1964,train,SEKER
1965,validation,SEKER
1966,train,SEKER
1967,test,SEKER
1968,train,SEKER
1969,train,SEKER
1970,train,SEKER
1971,test,SEKER
1972,train,SEKER
1973,train,SEKER
1974,test,SEKER
1975,train,SEKER
1976,train,SEKER
1977,train,SEKER
1978,train,SEKER
1979,train,SEKER
1980,test,SEKER
1981,train,SEKER
1982,validation,SEKER
1983,test,SEKER
1984,train,SEKER
1985,validation,SEKER
1986,validation,SEKER
1987,test,SEKER
1988,validation,SEKER
1989,train,SEKER
1990,train,SEKER
1991,train,SEKER
1992,train,SEKER
1993,test,SEKER
1994,train,SEKER
1995,train,SEKER
1996,train,SEKER
1997,train,SEKER
1998,train,SEKER
1999,train,SEKER
2000,train,SEKER
2001,train,SEKER
2002,validation,SEKER
2003,train,SEKER
2004,train,SEKER
2005,train,SEKER
2006,train,SEKER
2007,train,SEKER
2008,validation,SEKER
2009,validation,SEKER
2010,train,SEKER
2011,train,SEKER
2012,validation,SEKER
2013,train,SEKER
2014,train,SEKER
2015,train,SEKER
2016,test,SEKER
2017,train,SEKER
2018,train,SEKER
2019,validation,SEKER
2020,validation,SEKER
2021,test,SEKER
2022,train,SEKER
2023,train,SEKER
2024,test,SEKER
2025,train,SEKER
2026,train,SEKER
2027,train,BARBUNYA
2028,test,BARBUNYA
2029,train,BARBUNYA
2030,train,BARBUNYA
2031,test,BARBUNYA
2032,train,BARBUNYA
2033,train,BARBUNYA
2034,train,BARBUNYA
2035,validation,BARBUNYA
2036,train,BARBUNYA
2037,train,BARBUNYA
2038,train,BARBUNYA
2039,train,BARBUNYA
2040,validation,BARBUNYA
2041,test,BARBUNYA
2042,train,BARBUNYA
2043,validation,BARBUNYA
2044,test,BARBUNYA
2045,train,BARBUNYA
2046,validation,BARBUNYA
2047,validation,BARBUNYA
2048,validation,BARBUNYA
2049,train,BARBUNYA
2050,train,BARBUNYA
2051,train,BARBUNYA
2052,train,BARBUNYA
2053,validation,BARBUNYA
2054,train,BARBUNYA
2055,train,BARBUNYA
2056,train,BARBUNYA
2057,train,BARBUNYA
2058,train,BARBUNYA
2059,train,BARBUNYA
2060,train,BARBUNYA
2061,validation,BARBUNYA
2062,test,BARBUNYA
2063,train,BARBUNYA
2064,test,BARBUNYA
2065,train,BARBUNYA
2066,train,BARBUNYA
2067,validation,BARBUNYA
2068,train,BARBUNYA
2069,train,BARBUNYA
2070,train,BARBUNYA
2071,train,BARBUNYA
2072,train,BARBUNYA
2073,test,BARBUNYA
2074,train,BARBUNYA
2075,train,BARBUNYA
2076,train,BARBUNYA
2077,test,BARBUNYA
2078,train,BARBUNYA
2079,validation,BARBUNYA
2080,validation,BARBUNYA
2081,train,BARBUNYA
2082,train,BARBUNYA
2083,train,BARBUNYA
2084,test,BARBUNYA
2085,train,BARBUNYA
2086,train,BARBUNYA
2087,train,BARBUNYA
2088,train,BARBUNYA
2089,train,BARBUNYA
2090,train,BARBUNYA
2091,test,BARBUNYA
2092,train,BARBUNYA
2093,train,BARBUNYA
2094,train,BARBUNYA
2095,train,BARBUNYA
2096,train,BARBUNYA
2097,train,BARBUNYA
2098,train,BARBUNYA
2099,train,BARBUNYA
2100,train,BARBUNYA
2101,train,BARBUNYA
2102,test,BARBUNYA
2103,train,BARBUNYA
2104,train,BARBUNYA
2105,train,BARBUNYA
2106,train,BARBUNYA
2107,train,BARBUNYA
2108,train,BARBUNYA
2109,train,BARBUNYA
2110,train,BARBUNYA
2111,train,BARBUNYA
2112,train,BARBUNYA
2113,train,BARBUNYA
2114,test,BARBUNYA
2115,train,BARBUNYA
2116,train,BARBUNYA
2117,train,BARBUNYA
2118,validation,BARBUNYA
2119,train,BARBUNYA
2120,train,BARBUNYA
2121,train,BARBUNYA
2122,test,BARBUNYA
2123,train,BARBUNYA
2124,train,BARBUNYA
2125,validation,BARBUNYA
2126,train,BARBUNYA
2127,train,BARBUNYA
2128,train,BARBUNYA
2129,validation,BARBUNYA
2130,validation,BARBUNYA
2131,train,BARBUNYA
2132,test,BARBUNYA
2133,train,BARBUNYA
2134,train,BARBUNYA
2135,train,BARBUNYA
2136,train,BARBUNYA
2137,train,BARBUNYA
2138,train,BARBUNYA
2139,test,BARBUNYA
2140,train,BARBUNYA
2141,train,BARBUNYA
2142,train,BARBUNYA
2143,validation,BARBUNYA
2144,test,BARBUNYA
2145,train,BARBUNYA
2146,test,BARBUNYA
2147,train,BARBUNYA
2148,validation,BARBUNYA
2149,validation,BARBUNYA
2150,train,BARBUNYA
2151,test,BARBUNYA
2152,train,BARBUNYA
2153,validation,BARBUNYA
2154,test,BARBUNYA
2155,train,BARBUNYA
2156,train,BARBUNYA
2157,test,BARBUNYA
2158,train,BARBUNYA
2159,train,BARBUNYA
2160,train,BARBUNYA
2161,validation,BARBUNYA
2162,train,BARBUNYA
2163,train,BARBUNYA
2164,train,BARBUNYA
2165,train,BARBUNYA
2166,train,BARBUNYA
2167,train,BARBUNYA
2168,train,BARBUNYA
2169,validation,BARBUNYA
2170,test,BARBUNYA
2171,train,BARBUNYA
2172,train,BARBUNYA
2173,test,BARBUNYA
2174,train,BARBUNYA
2175,train,BARBUNYA
2176,validation,BARBUNYA
2177,validation,BARBUNYA
2178,validation,BARBUNYA
2179,test,BARBUNYA
2180,test,BARBUNYA
2181,validation,BARBUNYA
2182,train,BARBUNYA
2183,train,BARBUNYA
2184,validation,BARBUNYA
2185,train,BARBUNYA
2186,train,BARBUNYA
2187,test,BARBUNYA
2188,test,BARBUNYA
2189,train,BARBUNYA
2190,train,BARBUNYA
2191,train,BARBUNYA
2192,train,BARBUNYA
2193,validation,BARBUNYA
2194,train,BARBUNYA
2195,train,BARBUNYA
2196,train,BARBUNYA
2197,train,BARBUNYA
2198,train,BARBUNYA
2199,train,BARBUNYA
2200,train,BARBUNYA
2201,train,BARBUNYA
2202,train,BARBUNYA
2203,train,BARBUNYA
2204,train,BARBUNYA
2205,train,BARBUNYA
2206,train,BARBUNYA
2207,test,BARBUNYA
2208,train,BARBUNYA
2209,train,BARBUNYA
2210,train,BARBUNYA
2211,train,BARBUNYA
2212,train,BARBUNYA
2213,test,BARBUNYA
2214,test,BARBUNYA
2215,test,BARBUNYA
2216,test,BARBUNYA
2217,test,BARBUNYA
2218,train,BARBUNYA
2219,train,BARBUNYA
2220,train,BARBUNYA
2221,train,BARBUNYA
2222,validation,BARBUNYA
2223,train,BARBUNYA
2224,validation,BARBUNYA
2225,train,BARBUNYA
2226,train,BARBUNYA
2227,validation,BARBUNYA
2228,validation,BARBUNYA
2229,test,BARBUNYA
2230,train,BARBUNYA
2231,train,BARBUNYA
2232,validation,BARBUNYA
2233,validation,BARBUNYA
2234,test,BARBUNYA
2235,train,BARBUNYA
2236,train,BARBUNYA
2237,train,BARBUNYA
2238,train,BARBUNYA
2239,train,BARBUNYA
2240,train,BARBUNYA
2241,train,BARBUNYA
2242,train,BARBUNYA
2243,validation,BARBUNYA
2244,train,BARBUNYA
2245,train,BARBUNYA
2246,test,BARBUNYA
2247,train,BARBUNYA
2248,train,BARBUNYA
2249,train,BARBUNYA
2250,train,BARBUNYA
2251,train,BARBUNYA
2252,validation,BARBUNYA
2253,train,BARBUNYA
2254,train,BARBUNYA
2255,train,BARBUNYA
2256,test,BARBUNYA
2257,validation,BARBUNYA
2258,train,BARBUNYA
2259,train,BARBUNYA
2260,train,BARBUNYA
2261,train,BARBUNYA
2262,train,BARBUNYA
2263,validation,BARBUNYA
2264,train,BARBUNYA
2265,train,BARBUNYA
2266,train,BARBUNYA
2267,train,BARBUNYA
2268,test,BARBUNYA
2269,train,BARBUNYA
2270,train,BARBUNYA
2271,train,BARBUNYA
2272,validation,BARBUNYA
2273,test,BARBUNYA
2274,train,BARBUNYA
2275,train,BARBUNYA
2276,train,BARBUNYA
2277,train,BARBUNYA
2278,train,BARBUNYA
2279,validation,BARBUNYA
2280,validation,BARBUNYA
2281,train,BARBUNYA
2282,train,BARBUNYA
2283,train,BARBUNYA
2284,train,BARBUNYA
2285,train,BARBUNYA
2286,train,BARBUNYA
2287,train,BARBUNYA
2288,train,BARBUNYA
2289,validation,BARBUNYA
2290,validation,BARBUNYA
2291,train,BARBUNYA
2292,train,BARBUNYA
2293,train,BARBUNYA
2294,train,BARBUNYA
2295,validation,BARBUNYA
2296,test,BARBUNYA
2297,train,BARBUNYA
2298,test,BARBUNYA
2299,train,BARBUNYA
2300,train,BARBUNYA
2301,train,BARBUNYA
2302,train,BARBUNYA
2303,test,BARBUNYA
2304,train,BARBUNYA
2305,train,BARBUNYA
2306,test,BARBUNYA
2307,train,BARBUNYA
2308,train,BARBUNYA
2309,train,BARBUNYA
2310,test,BARBUNYA
2311,train,BARBUNYA
2312,train,BARBUNYA
2313,train,BARBUNYA
2314,train,BARBUNYA
2315,test,BARBUNYA
2316,train,BARBUNYA
2317,train,BARBUNYA
2318,train,BARBUNYA
2319,train,BARBUNYA
2320,test,BARBUNYA
2321,train,BARBUNYA
2322,test,BARBUNYA
2323,train,BARBUNYA
2324,train,BARBUNYA
2325,train,BARBUNYA
2326,train,BARBUNYA
2327,train,BARBUNYA
2328,validation,BARBUNYA
2329,train,BARBUNYA
2330,train,BARBUNYA
2331,test,BARBUNYA
2332,train,BARBUNYA
2333,train,BARBUNYA
2334,train,BARBUNYA
2335,train,BARBUNYA
2336,train,BARBUNYA
2337,train,BARBUNYA
2338,train,BARBUNYA
2339,train,BARBUNYA
2340,test,BARBUNYA
2341,train,BARBUNYA
2342,validation,BARBUNYA
2343,train,BARBUNYA
2344,validation,BARBUNYA
2345,train,BARBUNYA
2346,train,BARBUNYA
2347,validation,BARBUNYA
2348,train,BARBUNYA
2349,train,BARBUNYA
2350,train,BARBUNYA
2351,train,BARBUNYA
2352,train,BARBUNYA
2353,train,BARBUNYA
2354,train,BARBUNYA
2355,train,BARBUNYA
2356,train,BARBUNYA
2357,test,BARBUNYA
2358,train,BARBUNYA
2359,train,BARBUNYA
2360,train,BARBUNYA
2361,train,BARBUNYA
2362,train,BARBUNYA
2363,train,BARBUNYA
2364,test,BARBUNYA
2365,train,BARBUNYA
2366,train,BARBUNYA
2367,train,BARBUNYA
2368,test,BARBUNYA
2369,train,BARBUNYA
2370,test,BARBUNYA
2371,train,BARBUNYA
2372,test,BARBUNYA
2373,train,BARBUNYA
2374,train,BARBUNYA
2375,train,BARBUNYA
2376,validation,BARBUNYA
2377,train,BARBUNYA
2378,train,BARBUNYA
2379,train,BARBUNYA
2380,validation,BARBUNYA
2381,train,BARBUNYA
2382,train,BARBUNYA
2383,train,BARBUNYA
2384,train,BARBUNYA
2385,train,BARBUNYA
2386,train,BARBUNYA
2387,train,BARBUNYA
2388,train,BARBUNYA
2389,train,BARBUNYA
2390,train,BARBUNYA
2391,train,BARBUNYA
2392,train,BARBUNYA
2393,train,BARBUNYA
2394,train,BARBUNYA
2395,train,BARBUNYA
2396,validation,BARBUNYA
2397,train,BARBUNYA
2398,train,BARBUNYA
2399,train,BARBUNYA
2400,train,BARBUNYA
2401,train,BARBUNYA
2402,train,BARBUNYA
2403,train,BARBUNYA
2404,train,BARBUNYA
2405,test,BARBUNYA
2406,validation,BARBUNYA
2407,train,BARBUNYA
2408,train,BARBUNYA
2409,train,BARBUNYA
2410,train,BARBUNYA
2411,validation,BARBUNYA
2412,validation,BARBUNYA
2413,train,BARBUNYA
2414,validation,BARBUNYA
2415,train,BARBUNYA
2416,train,BARBUNYA
2417,train,BARBUNYA
2418,validation,BARBUNYA
2419,validation,BARBUNYA
2420,train,BARBUNYA
2421,train,BARBUNYA
2422,train,BARBUNYA
2423,train,BARBUNYA
2424,validation,BARBUNYA
2425,train,BARBUNYA
2426,test,BARBUNYA
2427,test,BARBUNYA
2428,validation,BARBUNYA
2429,test,BARBUNYA
2430,validation,BARBUNYA
2431,train,BARBUNYA
2432,train,BARBUNYA
2433,test,BARBUNYA
2434,validation,BARBUNYA
2435,train,BARBUNYA
2436,train,BARBUNYA
2437,train,BARBUNYA
2438,train,BARBUNYA
2439,train,BARBUNYA
2440,train,BARBUNYA
2441,train,BARBUNYA
2442,train,BARBUNYA
2443,train,BARBUNYA
2444,train,BARBUNYA
2445,test,BARBUNYA
2446,train,BARBUNYA
2447,train,BARBUNYA
2448,train,BARBUNYA
2449,train,BARBUNYA
2450,train,BARBUNYA
2451,train,BARBUNYA
2452,train,BARBUNYA
2453,train,BARBUNYA
2454,train,BARBUNYA
2455,train,BARBUNYA
2456,train,BARBUNYA
2457,train,BARBUNYA
2458,train,BARBUNYA
2459,train,BARBUNYA
2460,train,BARBUNYA
2461,train,BARBUNYA
2462,train,BARBUNYA
2463,train,BARBUNYA
2464,test,BARBUNYA
2465,train,BARBUNYA
2466,train,BARBUNYA
2467,train,BARBUNYA
2468,validation,BARBUNYA
2469,train,BARBUNYA
2470,test,BARBUNYA
2471,train,BARBUNYA
2472,train,BARBUNYA
2473,test,BARBUNYA
2474,train,BARBUNYA
2475,train,BARBUNYA
2476,train,BARBUNYA
2477,train,BARBUNYA
2478,train,BARBUNYA
2479,validation,BARBUNYA
2480,train,BARBUNYA
2481,train,BARBUNYA
2482,test,BARBUNYA
2483,train,BARBUNYA
2484,train,BARBUNYA
2485,train,BARBUNYA
2486,validation,BARBUNYA
2487,train,BARBUNYA
2488,train,BARBUNYA
2489,train,BARBUNYA
2490,validation,BARBUNYA
2491,train,BARBUNYA
2492,train,BARBUNYA
2493,test,BARBUNYA
2494,train,BARBUNYA
2495,train,BARBUNYA
2496,test,BARBUNYA
2497,validation,BARBUNYA
2498,train,BARBUNYA
2499,validation,BARBUNYA
2500,test,BARBUNYA
2501,test,BARBUNYA
2502,train,BARBUNYA
2503,test,BARBUNYA
2504,train,BARBUNYA
2505,train,BARBUNYA
2506,train,BARBUNYA
2507,train,BARBUNYA
2508,train,BARBUNYA
2509,train,BARBUNYA
2510,train,BARBUNYA
2511,validation,BARBUNYA
2512,train,BARBUNYA
2513,train,BARBUNYA
2514,test,BARBUNYA
2515,test,BARBUNYA
2516,validation,BARBUNYA
2517,train,BARBUNYA
2518,train,BARBUNYA
2519,validation,BARBUNYA
2520,train,BARBUNYA
2521,train,BARBUNYA
2522,train,BARBUNYA
2523,validation,BARBUNYA
2524,train,BARBUNYA
2525,train,BARBUNYA
2526,train,BARBUNYA
2527,train,BARBUNYA
2528,train,BARBUNYA
2529,validation,BARBUNYA
2530,train,BARBUNYA
2531,train,BARBUNYA
2532,train,BARBUNYA
2533,train,BARBUNYA
2534,train,BARBUNYA
2535,test,BARBUNYA
2536,validation,BARBUNYA
2537,test,BARBUNYA
2538,test,BARBUNYA
2539,validation,BARBUNYA
2540,train,BARBUNYA
2541,train,BARBUNYA
2542,train,BARBUNYA
2543,train,BARBUNYA
2544,validation,BARBUNYA
2545,train,BARBUNYA
2546,train,BARBUNYA
2547,test,BARBUNYA
2548,train,BARBUNYA
2549,train,BARBUNYA
2550,train,BARBUNYA
2551,validation,BARBUNYA
2552,train,BARBUNYA
2553,train,BARBUNYA
2554,train,BARBUNYA
2555,train,BARBUNYA
2556,train,BARBUNYA
2557,train,BARBUNYA
2558,train,BARBUNYA
2559,train,BARBUNYA
2560,train,BARBUNYA
2561,train,BARBUNYA
2562,train,BARBUNYA
2563,train,BARBUNYA
2564,validation,BARBUNYA
2565,train,BARBUNYA
2566,train,BARBUNYA
2567,validation,BARBUNYA
2568,train,BARBUNYA
2569,train,BARBUNYA
2570,train,BARBUNYA
2571,train,BARBUNYA
2572,train,BARBUNYA
2573,validation,BARBUNYA
2574,train,BARBUNYA
2575,train,BARBUNYA
2576,train,BARBUNYA
2577,test,BARBUNYA
2578,train,BARBUNYA
2579,train,BARBUNYA
2580,train,BARBUNYA
2581,train,BARBUNYA
2582,train,BARBUNYA
2583,test,BARBUNYA
2584,train,BARBUNYA
2585,train,BARBUNYA
2586,validation,BARBUNYA
2587,train,BARBUNYA
2588,train,BARBUNYA
2589,validation,BARBUNYA
2590,validation,BARBUNYA
2591,validation,BARBUNYA
2592,test,BARBUNYA
2593,train,BARBUNYA
2594,train,BARBUNYA
2595,train,BARBUNYA
2596,validation,BARBUNYA
2597,train,BARBUNYA
2598,test,BARBUNYA
2599,train,BARBUNYA
2600,train,BARBUNYA
2601,test,BARBUNYA
2602,train,BARBUNYA
2603,train,BARBUNYA
2604,test,BARBUNYA
2605,train,BARBUNYA
2606,train,BARBUNYA
2607,test,BARBUNYA
2608,train,BARBUNYA
2609,train,BARBUNYA
2610,train,BARBUNYA
2611,train,BARBUNYA
2612,train,BARBUNYA
2613,test,BARBUNYA
2614,train,BARBUNYA
2615,train,BARBUNYA
2616,train,BARBUNYA
2617,train,BARBUNYA
2618,train,BARBUNYA
2619,validation,BARBUNYA
2620,train,BARBUNYA
2621,train,BARBUNYA
2622,train,BARBUNYA
2623,train,BARBUNYA
2624,train,BARBUNYA
2625,train,BARBUNYA
2626,train,BARBUNYA
2627,test,BARBUNYA
2628,train,BARBUNYA
2629,train,BARBUNYA
2630,validation,BARBUNYA
2631,train,BARBUNYA
2632,train,BARBUNYA
2633,test,BARBUNYA
2634,train,BARBUNYA
2635,test,BARBUNYA
2636,train,BARBUNYA
2637,train,BARBUNYA
2638,train,BARBUNYA
2639,test,BARBUNYA
2640,train,BARBUNYA
2641,train,BARBUNYA
2642,train,BARBUNYA
2643,train,BARBUNYA
2644,train,BARBUNYA
2645,train,BARBUNYA
2646,test,BARBUNYA
2647,train,BARBUNYA
2648,train,BARBUNYA
2649,train,BARBUNYA
2650,validation,BARBUNYA
2651,train,BARBUNYA
2652,test,BARBUNYA
2653,train,BARBUNYA
2654,test,BARBUNYA
2655,train,BARBUNYA
2656,train,BARBUNYA
2657,train,BARBUNYA
2658,train,BARBUNYA
2659,validation,BARBUNYA
2660,validation,BARBUNYA
2661,train,BARBUNYA
2662,test,BARBUNYA
2663,train,BARBUNYA
2664,test,BARBUNYA
2665,train,BARBUNYA
2666,validation,BARBUNYA
2667,validation,BARBUNYA
2668,validation,BARBUNYA
2669,test,BARBUNYA
2670,train,BARBUNYA
2671,train,BARBUNYA
2672,validation,BARBUNYA
2673,test,BARBUNYA
2674,test,BARBUNYA
2675,validation,BARBUNYA
2676,train,BARBUNYA
2677,train,BARBUNYA
2678,train,BARBUNYA
2679,train,BARBUNYA
2680,validation,BARBUNYA
2681,train,BARBUNYA
2682,validation,BARBUNYA
2683,validation,BARBUNYA
2684,train,BARBUNYA
2685,validation,BARBUNYA
2686,test,BARBUNYA
2687,train,BARBUNYA
2688,train,BARBUNYA
2689,train,BARBUNYA
2690,validation,BARBUNYA
2691,validation,BARBUNYA
2692,train,BARBUNYA
2693,train,BARBUNYA
2694,train,BARBUNYA
2695,train,BARBUNYA
2696,test,BARBUNYA
2697,train,BARBUNYA
2698,train,BARBUNYA
2699,train,BARBUNYA
2700,train,BARBUNYA
2701,train,BARBUNYA
2702,train,BARBUNYA
2703,train,BARBUNYA
2704,train,BARBUNYA
2705,train,BARBUNYA
2706,train,BARBUNYA
2707,train,BARBUNYA
2708,test,BARBUNYA
2709,train,BARBUNYA
2710,validation,BARBUNYA
2711,test,BARBUNYA
2712,test,BARBUNYA
2713,validation,BARBUNYA
2714,validation,BARBUNYA
2715,train,BARBUNYA
2716,train,BARBUNYA
2717,train,BARBUNYA
2718,validation,BARBUNYA
2719,train,BARBUNYA
2720,train,BARBUNYA
2721,train,BARBUNYA
2722,train,BARBUNYA
2723,train,BARBUNYA
2724,test,BARBUNYA
2725,test,BARBUNYA
2726,test,BARBUNYA
2727,train,BARBUNYA
2728,train,BARBUNYA
2729,validation,BARBUNYA
2730,validation,BARBUNYA
2731,train,BARBUNYA
2732,train,BARBUNYA
2733,train,BARBUNYA
2734,train,BARBUNYA
2735,train,BARBUNYA
2736,test,BARBUNYA
2737,train,BARBUNYA
2738,train,BARBUNYA
2739,train,BARBUNYA
2740,train,BARBUNYA
2741,train,BARBUNYA
2742,train,BARBUNYA
2743,train,BARBUNYA
2744,train,BARBUNYA
2745,train,BARBUNYA
2746,test,BARBUNYA
2747,train,BARBUNYA
2748,train,BARBUNYA
2749,train,BARBUNYA
2750,train,BARBUNYA
2751,train,BARBUNYA
2752,test,BARBUNYA
2753,test,BARBUNYA
2754,train,BARBUNYA
2755,train,BARBUNYA
2756,test,BARBUNYA
2757,train,BARBUNYA
2758,train,BARBUNYA
2759,train,BARBUNYA
2760,train,BARBUNYA
2761,train,BARBUNYA
2762,train,BARBUNYA
2763,train,BARBUNYA
2764,train,BARBUNYA
2765,train,BARBUNYA
2766,train,BARBUNYA
2767,validation,BARBUNYA
2768,train,BARBUNYA
2769,validation,BARBUNYA
2770,train,BARBUNYA
2771,train,BARBUNYA
2772,train,BARBUNYA
2773,train,BARBUNYA
2774,validation,BARBUNYA
2775,test,BARBUNYA
2776,validation,BARBUNYA
2777,validation,BARBUNYA
2778,test,BARBUNYA
2779,train,BARBUNYA
2780,train,BARBUNYA
2781,train,BARBUNYA
2782,train,BARBUNYA
2783,train,BARBUNYA
2784,train,BARBUNYA
2785,test,BARBUNYA
2786,train,BARBUNYA
2787,train,BARBUNYA
2788,train,BARBUNYA
2789,train,BARBUNYA
2790,test,BARBUNYA
2791,train,BARBUNYA
2792,train,BARBUNYA
2793,validation,BARBUNYA
2794,train,BARBUNYA
2795,train,BARBUNYA
2796,test,BARBUNYA
2797,train,BARBUNYA
2798,train,BARBUNYA
2799,train,BARBUNYA
2800,validation,BARBUNYA
2801,train,BARBUNYA
2802,test,BARBUNYA
2803,test,BARBUNYA
2804,train,BARBUNYA
2805,train,BARBUNYA
2806,test,BARBUNYA
2807,train,BARBUNYA
2808,train,BARBUNYA
2809,test,BARBUNYA
2810,train,BARBUNYA
2811,validation,BARBUNYA
2812,train,BARBUNYA
2813,test,BARBUNYA
2814,train,BARBUNYA
2815,train,BARBUNYA
2816,test,BARBUNYA
2817,validation,BARBUNYA
2818,test,BARBUNYA
2819,train,BARBUNYA
2820,train,BARBUNYA
2821,validation,BARBUNYA
2822,validation,BARBUNYA
2823,train,BARBUNYA
2824,validation,BARBUNYA
2825,train,BARBUNYA
2826,validation,BARBUNYA
2827,test,BARBUNYA
2828,validation,BARBUNYA
2829,train,BARBUNYA
2830,train,BARBUNYA
2831,validation,BARBUNYA
2832,test,BARBUNYA
2833,train,BARBUNYA
2834,train,BARBUNYA
2835,train,BARBUNYA
2836,train,BARBUNYA
2837,train,BARBUNYA
2838,train,BARBUNYA
2839,train,BARBUNYA
2840,train,BARBUNYA
2841,train,BARBUNYA
2842,test,BARBUNYA
2843,train,BARBUNYA
2844,train,BARBUNYA
2845,train,BARBUNYA
2846,validation,BARBUNYA
2847,train,BARBUNYA
2848,test,BARBUNYA
2849,validation,BARBUNYA
2850,train,BARBUNYA
2851,train,BARBUNYA
2852,train,BARBUNYA
2853,train,BARBUNYA
2854,test,BARBUNYA
2855,train,BARBUNYA
2856,validation,BARBUNYA
2857,validation,BARBUNYA
2858,validation,BARBUNYA
2859,train,BARBUNYA
2860,test,BARBUNYA
2861,train,BARBUNYA
2862,test,BARBUNYA
2863,train,BARBUNYA
2864,test,BARBUNYA
2865,train,BARBUNYA
2866,train,BARBUNYA
2867,validation,BARBUNYA
2868,train,BARBUNYA
2869,train,BARBUNYA
2870,train,BARBUNYA
2871,train,BARBUNYA
2872,train,BARBUNYA
2873,train,BARBUNYA
2874,train,BARBUNYA
2875,train,BARBUNYA
2876,train,BARBUNYA
2877,train,BARBUNYA
2878,train,BARBUNYA
2879,train,BARBUNYA
2880,validation,BARBUNYA
2881,validation,BARBUNYA
2882,train,BARBUNYA
2883,test,BARBUNYA
2884,train,BARBUNYA
2885,train,BARBUNYA
2886,train,BARBUNYA
2887,validation,BARBUNYA
2888,train,BARBUNYA
2889,train,BARBUNYA
2890,validation,BARBUNYA
2891,train,BARBUNYA
2892,train,BARBUNYA
2893,validation,BARBUNYA
2894,train,BARBUNYA
2895,train,BARBUNYA
2896,train,BARBUNYA
2897,validation,BARBUNYA
2898,test,BARBUNYA
2899,train,BARBUNYA
2900,train,BARBUNYA
2901,train,BARBUNYA
2902,train,BARBUNYA
2903,validation,BARBUNYA
2904,validation,BARBUNYA
2905,validation,BARBUNYA
2906,train,BARBUNYA
2907,test,BARBUNYA
2908,train,BARBUNYA
2909,test,BARBUNYA
2910,test,BARBUNYA
2911,test,BARBUNYA
2912,train,BARBUNYA
2913,train,BARBUNYA
2914,train,BARBUNYA
2915,train,BARBUNYA
2916,train,BARBUNYA
2917,train,BARBUNYA
2918,test,BARBUNYA
2919,train,BARBUNYA
2920,train,BARBUNYA
2921,train,BARBUNYA
2922,train,BARBUNYA
2923,validation,BARBUNYA
2924,validation,BARBUNYA
2925,train,BARBUNYA
2926,train,BARBUNYA
2927,train,BARBUNYA
2928,train,BARBUNYA
2929,test,BARBUNYA
2930,train,BARBUNYA
2931,train,BARBUNYA
2932,train,BARBUNYA
2933,train,BARBUNYA
2934,validation,BARBUNYA
2935,train,BARBUNYA
2936,train,BARBUNYA
2937,train,BARBUNYA
2938,train,BARBUNYA
2939,train,BARBUNYA
2940,validation,BARBUNYA
2941,train,BARBUNYA
2942,train,BARBUNYA
2943,train,BARBUNYA
2944,train,BARBUNYA
2945,train,BARBUNYA
2946,train,BARBUNYA
2947,test,BARBUNYA
2948,train,BARBUNYA
2949,train,BARBUNYA
2950,train,BARBUNYA
2951,train,BARBUNYA
2952,train,BARBUNYA
2953,train,BARBUNYA
2954,validation,BARBUNYA
2955,validation,BARBUNYA
2956,test,BARBUNYA
2957,train,BARBUNYA
2958,train,BARBUNYA
2959,train,BARBUNYA
2960,train,BARBUNYA
2961,train,BARBUNYA
2962,test,BARBUNYA
2963,train,BARBUNYA
2964,train,BARBUNYA
2965,train,BARBUNYA
2966,train,BARBUNYA
2967,train,BARBUNYA
2968,train,BARBUNYA
2969,train,BARBUNYA
2970,train,BARBUNYA
2971,train,BARBUNYA
2972,train,BARBUNYA
2973,train,BARBUNYA
2974,train,BARBUNYA
2975,train,BARBUNYA
2976,train,BARBUNYA
2977,validation,BARBUNYA
2978,test,BARBUNYA
2979,train,BARBUNYA
2980,train,BARBUNYA
2981,test,BARBUNYA
2982,test,BARBUNYA
2983,test,BARBUNYA
2984,test,BARBUNYA
2985,validation,BARBUNYA
2986,validation,BARBUNYA
2987,validation,BARBUNYA
2988,test,BARBUNYA
2989,train,BARBUNYA
2990,train,BARBUNYA
2991,train,BARBUNYA
2992,train,BARBUNYA
2993,train,BARBUNYA
2994,train,BARBUNYA
2995,train,BARBUNYA
2996,train,BARBUNYA
2997,train,BARBUNYA
2998,test,BARBUNYA
2999,validation,BARBUNYA
3000,test,BARBUNYA
3001,train,BARBUNYA
3002,validation,BARBUNYA
3003,train,BARBUNYA
3004,train,BARBUNYA
3005,train,BARBUNYA
3006,train,BARBUNYA
3007,test,BARBUNYA
3008,test,BARBUNYA
3009,train,BARBUNYA
3010,train,BARBUNYA
3011,train,BARBUNYA
3012,train,BARBUNYA
3013,train,BARBUNYA
3014,train,BARBUNYA
3015,train,BARBUNYA
3016,train,BARBUNYA
3017,train,BARBUNYA
3018,train,BARBUNYA
3019,validation,BARBUNYA
3020,train,BARBUNYA
3021,train,BARBUNYA
3022,test,BARBUNYA
3023,train,BARBUNYA
3024,train,BARBUNYA
3025,train,BARBUNYA
3026,train,BARBUNYA
3027,train,BARBUNYA
3028,train,BARBUNYA
3029,train,BARBUNYA
3030,train,BARBUNYA
3031,train,BARBUNYA
3032,test,BARBUNYA
3033,train,BARBUNYA
3034,train,BARBUNYA
3035,train,BARBUNYA
3036,train,BARBUNYA
3037,train,BARBUNYA
3038,train,BARBUNYA
3039,test,BARBUNYA
3040,train,BARBUNYA
3041,test,BARBUNYA
3042,train,BARBUNYA
3043,validation,BARBUNYA
3044,validation,BARBUNYA
3045,train,BARBUNYA
3046,validation,BARBUNYA
3047,validation,BARBUNYA
3048,validation,BARBUNYA
3049,train,BARBUNYA
3050,train,BARBUNYA
3051,train,BARBUNYA
3052,test,BARBUNYA
3053,train,BARBUNYA
3054,train,BARBUNYA
3055,test,BARBUNYA
3056,train,BARBUNYA
3057,train,BARBUNYA
3058,train,BARBUNYA
3059,train,BARBUNYA
3060,train,BARBUNYA
3061,train,BARBUNYA
3062,train,BARBUNYA
3063,train,BARBUNYA
3064,train,BARBUNYA
3065,test,BARBUNYA
3066,validation,BARBUNYA
3067,test,BARBUNYA
3068,train,BARBUNYA
3069,train,BARBUNYA
3070,test,BARBUNYA
3071,validation,BARBUNYA
3072,validation,BARBUNYA
3073,train,BARBUNYA
3074,train,BARBUNYA
3075,train,BARBUNYA
3076,train,BARBUNYA
3077,train,BARBUNYA
3078,test,BARBUNYA
3079,train,BARBUNYA
3080,train,BARBUNYA
3081,train,BARBUNYA
3082,train,BARBUNYA
3083,test,BARBUNYA
3084,train,BARBUNYA
3085,train,BARBUNYA
3086,validation,BARBUNYA
3087,test,BARBUNYA
3088,train,BARBUNYA
3089,train,BARBUNYA
3090,train,BARBUNYA
3091,test,BARBUNYA
3092,train,BARBUNYA
3093,train,BARBUNYA
3094,train,BARBUNYA
3095,train,BARBUNYA
3096,train,BARBUNYA
3097,train,BARBUNYA
3098,validation,BARBUNYA
3099,train,BARBUNYA
3100,train,BARBUNYA
3101,train,BARBUNYA
3102,train,BARBUNYA
3103,validation,BARBUNYA
3104,train,BARBUNYA
3105,train,BARBUNYA
3106,train,BARBUNYA
3107,train,BARBUNYA
3108,train,BARBUNYA
3109,test,BARBUNYA
3110,train,BARBUNYA
3111,train,BARBUNYA
3112,train,BARBUNYA
3113,validation,BARBUNYA
3114,test,BARBUNYA
3115,train,BARBUNYA
3116,train,BARBUNYA
3117,train,BARBUNYA
3118,train,BARBUNYA
3119,train,BARBUNYA
3120,train,BARBUNYA
3121,train,BARBUNYA
3122,validation,BARBUNYA
3123,train,BARBUNYA
3124,validation,BARBUNYA
3125,train,BARBUNYA
3126,train,BARBUNYA
3127,train,BARBUNYA
3128,train,BARBUNYA
3129,train,BARBUNYA
3130,test,BARBUNYA
3131,validation,BARBUNYA
3132,train,BARBUNYA
3133,train,BARBUNYA
3134,test,BARBUNYA
3135,train,BARBUNYA
3136,test,BARBUNYA
3137,train,BARBUNYA
3138,validation,BARBUNYA
3139,test,BARBUNYA
3140,validation,BARBUNYA
3141,train,BARBUNYA
3142,train,BARBUNYA
3143,train,BARBUNYA
3144,train,BARBUNYA
3145,test,BARBUNYA
3146,train,BARBUNYA
3147,train,BARBUNYA
3148,train,BARBUNYA
3149,train,BARBUNYA
3150,test,BARBUNYA
3151,train,BARBUNYA
3152,validation,BARBUNYA
3153,test,BARBUNYA
3154,train,BARBUNYA
3155,train,BARBUNYA
3156,test,BARBUNYA
3157,validation,BARBUNYA
3158,train,BARBUNYA
3159,test,BARBUNYA
3160,train,BARBUNYA
3161,train,BARBUNYA
3162,train,BARBUNYA
3163,validation,BARBUNYA
3164,train,BARBUNYA
3165,test,BARBUNYA
3166,train,BARBUNYA
3167,train,BARBUNYA
3168,train,BARBUNYA
3169,test,BARBUNYA
3170,validation,BARBUNYA
3171,train,BARBUNYA
3172,train,BARBUNYA
3173,test,BARBUNYA
3174,train,BARBUNYA
3175,train,BARBUNYA
3176,train,BARBUNYA
3177,validation,BARBUNYA
3178,train,BARBUNYA
3179,validation,BARBUNYA
3180,train,BARBUNYA
3181,test,BARBUNYA
3182,train,BARBUNYA
3183,train,BARBUNYA
3184,validation,BARBUNYA
3185,train,BARBUNYA
3186,train,BARBUNYA
3187,train,BARBUNYA
3188,train,BARBUNYA
3189,test,BARBUNYA
3190,train,BARBUNYA
3191,train,BARBUNYA
3192,validation,BARBUNYA
3193,train,BARBUNYA
3194,train,BARBUNYA
3195,train,BARBUNYA
3196,train,BARBUNYA
3197,train,BARBUNYA
3198,train,BARBUNYA
3199,test,BARBUNYA
3200,train,BARBUNYA
3201,test,BARBUNYA
3202,train,BARBUNYA
3203,train,BARBUNYA
3204,train,BARBUNYA
3205,train,BARBUNYA
3206,train,BARBUNYA
3207,validation,BARBUNYA
3208,train,BARBUNYA
3209,train,BARBUNYA
3210,test,BARBUNYA
3211,validation,BARBUNYA
3212,train,BARBUNYA
3213,train,BARBUNYA
3214,train,BARBUNYA
3215,train,BARBUNYA
3216,train,BARBUNYA
3217,test,BARBUNYA
3218,train,BARBUNYA
3219,test,BARBUNYA
3220,train,BARBUNYA
3221,test,BARBUNYA
3222,train,BARBUNYA
3223,train,BARBUNYA
3224,train,BARBUNYA
3225,validation,BARBUNYA
3226,train,BARBUNYA
3227,train,BARBUNYA
3228,validation,BARBUNYA
3229,validation,BARBUNYA
3230,train,BARBUNYA
3231,train,BARBUNYA
3232,train,BARBUNYA
3233,validation,BARBUNYA
3234,train,BARBUNYA
3235,train,BARBUNYA
3236,test,BARBUNYA
3237,validation,BARBUNYA
3238,train,BARBUNYA
3239,train,BARBUNYA
3240,test,BARBUNYA
3241,train,BARBUNYA
3242,validation,BARBUNYA
3243,train,BARBUNYA
3244,train,BARBUNYA
3245,train,BARBUNYA
3246,train,BARBUNYA
3247,test,BARBUNYA
3248,train,BARBUNYA
3249,train,BARBUNYA
3250,test,BARBUNYA
3251,train,BARBUNYA
3252,train,BARBUNYA
3253,train,BARBUNYA
3254,train,BARBUNYA
3255,train,BARBUNYA
3256,train,BARBUNYA
3257,train,BARBUNYA
3258,train,BARBUNYA
3259,train,BARBUNYA
3260,train,BARBUNYA
3261,train,BARBUNYA
3262,train,BARBUNYA
3263,validation,BARBUNYA
3264,validation,BARBUNYA
3265,test,BARBUNYA
3266,train,BARBUNYA
3267,train,BARBUNYA
3268,validation,BARBUNYA
3269,train,BARBUNYA
3270,train,BARBUNYA
3271,test,BARBUNYA
3272,validation,BARBUNYA
3273,validation,BARBUNYA
3274,train,BARBUNYA
3275,train,BARBUNYA
3276,validation,BARBUNYA
3277,train,BARBUNYA
3278,validation,BARBUNYA
3279,train,BARBUNYA
3280,train,BARBUNYA
3281,train,BARBUNYA
3282,train,BARBUNYA
3283,test,BARBUNYA
3284,train,BARBUNYA
3285,train,BARBUNYA
3286,train,BARBUNYA
3287,test,BARBUNYA
3288,train,BARBUNYA
3289,train,BARBUNYA
3290,validation,BARBUNYA
3291,train,BARBUNYA
3292,train,BARBUNYA
3293,test,BARBUNYA
3294,test,BARBUNYA
3295,train,BARBUNYA
3296,validation,BARBUNYA
3297,train,BARBUNYA
3298,train,BARBUNYA
3299,train,BARBUNYA
3300,train,BARBUNYA
3301,train,BARBUNYA
3302,train,BARBUNYA
3303,test,BARBUNYA
3304,train,BARBUNYA
3305,train,BARBUNYA
3306,train,BARBUNYA
3307,train,BARBUNYA
3308,train,BARBUNYA
3309,train,BARBUNYA
3310,train,BARBUNYA
3311,train,BARBUNYA
3312,test,BARBUNYA
3313,train,BARBUNYA
3314,train,BARBUNYA
3315,validation,BARBUNYA
3316,validation,BARBUNYA
3317,train,BARBUNYA
3318,test,BARBUNYA
3319,train,BARBUNYA
3320,train,BARBUNYA
3321,validation,BARBUNYA
3322,train,BARBUNYA
3323,train,BARBUNYA
3324,validation,BARBUNYA
3325,train,BARBUNYA
3326,validation,BARBUNYA
3327,validation,BARBUNYA
3328,train,BARBUNYA
3329,test,BARBUNYA
3330,test,BARBUNYA
3331,train,BARBUNYA
3332,train,BARBUNYA
3333,train,BARBUNYA
3334,train,BARBUNYA
3335,train,BARBUNYA
3336,validation,BARBUNYA
3337,validation,BARBUNYA
3338,train,BARBUNYA
3339,train,BARBUNYA
3340,train,BARBUNYA
3341,train,BARBUNYA
3342,train,BARBUNYA
3343,train,BARBUNYA
3344,train,BARBUNYA
3345,train,BARBUNYA
3346,train,BARBUNYA
3347,validation,BARBUNYA
3348,train,BARBUNYA
3349,train,BOMBAY
3350,train,BOMBAY
3351,test,BOMBAY
3352,test,BOMBAY
3353,train,BOMBAY
3354,train,BOMBAY
3355,validation,BOMBAY
3356,train,BOMBAY
3357,train,BOMBAY
3358,train,BOMBAY
3359,test,BOMBAY
3360,test,BOMBAY
3361,train,BOMBAY
3362,validation,BOMBAY
3363,validation,BOMBAY
3364,test,BOMBAY
3365,validation,BOMBAY
3366,train,BOMBAY
3367,train,BOMBAY
3368,train,BOMBAY
3369,train,BOMBAY
3370,train,BOMBAY
3371,train,BOMBAY
3372,train,BOMBAY
3373,validation,BOMBAY
3374,validation,BOMBAY
3375,train,BOMBAY
3376,train,BOMBAY
3377,validation,BOMBAY
3378,train,BOMBAY
3379,train,BOMBAY
3380,train,BOMBAY
3381,train,BOMBAY
3382,test,BOMBAY
3383,train,BOMBAY
3384,train,BOMBAY
3385,train,BOMBAY
3386,train,BOMBAY
3387,test,BOMBAY
3388,train,BOMBAY
3389,train,BOMBAY
3390,train,BOMBAY
3391,train,BOMBAY
3392,test,BOMBAY
3393,train,BOMBAY
3394,train,BOMBAY
3395,test,BOMBAY
3396,train,BOMBAY
3397,train,BOMBAY
3398,train,BOMBAY
3399,train,BOMBAY
3400,train,BOMBAY
3401,train,BOMBAY
3402,train,BOMBAY
3403,train,BOMBAY
3404,train,BOMBAY
3405,test,BOMBAY
3406,train,BOMBAY
3407,test,BOMBAY
3408,train,BOMBAY
3409,test,BOMBAY
3410,test,BOMBAY
3411,train,BOMBAY
3412,train,BOMBAY
3413,test,BOMBAY
3414,train,BOMBAY
3415,train,BOMBAY
3416,train,BOMBAY
3417,train,BOMBAY
3418,train,BOMBAY
3419,train,BOMBAY
3420,train,BOMBAY
3421,validation,BOMBAY
3422,train,BOMBAY
3423,train,BOMBAY
3424,train,BOMBAY
3425,train,BOMBAY
3426,train,BOMBAY
3427,train,BOMBAY
3428,validation,BOMBAY
3429,test,BOMBAY
3430,test,BOMBAY
3431,train,BOMBAY
3432,train,BOMBAY
3433,train,BOMBAY
3434,validation,BOMBAY
3435,train,BOMBAY
3436,train,BOMBAY
3437,validation,BOMBAY
3438,train,BOMBAY
3439,train,BOMBAY
3440,train,BOMBAY
3441,train,BOMBAY
3442,train,BOMBAY
3443,train,BOMBAY
3444,validation,BOMBAY
3445,train,BOMBAY
3446,test,BOMBAY
3447,train,BOMBAY
3448,train,BOMBAY
3449,validation,BOMBAY
3450,test,BOMBAY
3451,validation,BOMBAY
3452,train,BOMBAY
3453,train,BOMBAY
3454,train,BOMBAY
3455,train,BOMBAY
3456,test,BOMBAY
3457,train,BOMBAY
3458,train,BOMBAY
3459,train,BOMBAY
3460,train,BOMBAY
3461,train,BOMBAY
3462,train,BOMBAY
3463,train,BOMBAY
3464,train,BOMBAY
3465,test,BOMBAY
3466,train,BOMBAY
3467,train,BOMBAY
3468,train,BOMBAY
3469,train,BOMBAY
3470,train,BOMBAY
3471,train,BOMBAY
3472,train,BOMBAY
3473,train,BOMBAY
3474,train,BOMBAY
3475,train,BOMBAY
3476,train,BOMBAY
3477,train,BOMBAY
3478,train,BOMBAY
3479,test,BOMBAY
3480,train,BOMBAY
3481,train,BOMBAY
3482,train,BOMBAY
3483,train,BOMBAY
3484,train,BOMBAY
3485,validation,BOMBAY
3486,train,BOMBAY
3487,train,BOMBAY
3488,test,BOMBAY
3489,validation,BOMBAY
3490,test,BOMBAY
3491,test,BOMBAY
3492,train,BOMBAY
3493,train,BOMBAY
3494,validation,BOMBAY
3495,train,BOMBAY
3496,train,BOMBAY
3497,validation,BOMBAY
3498,train,BOMBAY
3499,train,BOMBAY
3500,test,BOMBAY
3501,validation,BOMBAY
3502,train,BOMBAY
3503,train,BOMBAY
3504,train,BOMBAY
3505,train,BOMBAY
3506,validation,BOMBAY
3507,validation,BOMBAY
3508,train,BOMBAY
3509,validation,BOMBAY
3510,train,BOMBAY
3511,train,BOMBAY
3512,train,BOMBAY
3513,train,BOMBAY
3514,train,BOMBAY
3515,train,BOMBAY
3516,train,BOMBAY
3517,train,BOMBAY
3518,validation,BOMBAY
3519,test,BOMBAY
3520,test,BOMBAY
3521,train,BOMBAY
3522,train,BOMBAY
3523,train,BOMBAY
3524,validation,BOMBAY
3525,validation,BOMBAY
3526,train,BOMBAY
3527,train,BOMBAY
3528,train,BOMBAY
3529,train,BOMBAY
3530,train,BOMBAY
3531,validation,BOMBAY
3532,train,BOMBAY
3533,validation,BOMBAY
3534,train,BOMBAY
3535,test,BOMBAY
3536,test,BOMBAY
3537,train,BOMBAY
3538,train,BOMBAY
3539,train,BOMBAY
3540,train,BOMBAY
3541,test,BOMBAY
3542,train,BOMBAY
3543,train,BOMBAY
3544,train,BOMBAY
3545,train,BOMBAY
3546,test,BOMBAY
3547,test,BOMBAY
3548,test,BOMBAY
3549,train,BOMBAY
3550,train,BOMBAY
3551,train,BOMBAY
3552,train,BOMBAY
3553,train,BOMBAY
3554,train,BOMBAY
3555,train,BOMBAY
3556,train,BOMBAY
3557,train,BOMBAY
3558,validation,BOMBAY
3559,train,BOMBAY
3560,train,BOMBAY
3561,train,BOMBAY
3562,train,BOMBAY
3563,validation,BOMBAY
3564,test,BOMBAY
3565,train,BOMBAY
3566,train,BOMBAY
3567,train,BOMBAY
3568,train,BOMBAY
3569,train,BOMBAY
3570,train,BOMBAY
3571,test,BOMBAY
3572,train,BOMBAY
3573,train,BOMBAY
3574,test,BOMBAY
3575,validation,BOMBAY
3576,train,BOMBAY
3577,validation,BOMBAY
3578,train,BOMBAY
3579,train,BOMBAY
3580,train,BOMBAY
3581,train,BOMBAY
3582,train,BOMBAY
3583,train,BOMBAY
3584,test,BOMBAY
3585,train,BOMBAY
3586,train,BOMBAY
3587,validation,BOMBAY
3588,train,BOMBAY
3589,train,BOMBAY
3590,train,BOMBAY
3591,train,BOMBAY
3592,train,BOMBAY
3593,test,BOMBAY
3594,train,BOMBAY
3595,validation,BOMBAY
3596,train,BOMBAY
3597,train,BOMBAY
3598,test,BOMBAY
3599,test,BOMBAY
3600,train,BOMBAY
3601,train,BOMBAY
3602,train,BOMBAY
3603,train,BOMBAY
3604,train,BOMBAY
3605,train,BOMBAY
3606,train,BOMBAY
3607,train,BOMBAY
3608,train,BOMBAY
3609,train,BOMBAY
3610,train,BOMBAY
3611,train,BOMBAY
3612,validation,BOMBAY
3613,train,BOMBAY
3614,test,BOMBAY
3615,train,BOMBAY
3616,validation,BOMBAY
3617,validation,BOMBAY
3618,test,BOMBAY
3619,train,BOMBAY
3620,validation,BOMBAY
3621,test,BOMBAY
3622,validation,BOMBAY
3623,validation,BOMBAY
3624,train,BOMBAY
3625,train,BOMBAY
3626,train,BOMBAY
3627,train,BOMBAY
3628,train,BOMBAY
3629,train,BOMBAY
3630,test,BOMBAY
3631,train,BOMBAY
3632,train,BOMBAY
3633,train,BOMBAY
3634,train,BOMBAY
3635,train,BOMBAY
3636,validation,BOMBAY
3637,train,BOMBAY
3638,train,BOMBAY
3639,train,BOMBAY
3640,train,BOMBAY
3641,validation,BOMBAY
3642,train,BOMBAY
3643,test,BOMBAY
3644,train,BOMBAY
3645,train,BOMBAY
3646,train,BOMBAY
3647,train,BOMBAY
3648,train,BOMBAY
3649,validation,BOMBAY
3650,validation,BOMBAY
3651,test,BOMBAY
3652,train,BOMBAY
3653,validation,BOMBAY
3654,train,BOMBAY
3655,train,BOMBAY
3656,train,BOMBAY
3657,train,BOMBAY
3658,train,BOMBAY
3659,validation,BOMBAY
3660,train,BOMBAY
3661,train,BOMBAY
3662,train,BOMBAY
3663,test,BOMBAY
3664,train,BOMBAY
3665,train,BOMBAY
3666,test,BOMBAY
3667,validation,BOMBAY
3668,train,BOMBAY
3669,train,BOMBAY
3670,train,BOMBAY
3671,train,BOMBAY
3672,validation,BOMBAY
3673,train,BOMBAY
3674,train,BOMBAY
3675,train,BOMBAY
3676,validation,BOMBAY
3677,train,BOMBAY
3678,validation,BOMBAY
3679,train,BOMBAY
3680,train,BOMBAY
3681,validation,BOMBAY
3682,train,BOMBAY
3683,test,BOMBAY
3684,train,BOMBAY
3685,train,BOMBAY
3686,train,BOMBAY
3687,test,BOMBAY
3688,test,BOMBAY
3689,train,BOMBAY
3690,train,BOMBAY
3691,train,BOMBAY
3692,validation,BOMBAY
3693,train,BOMBAY
3694,train,BOMBAY
3695,train,BOMBAY
3696,train,BOMBAY
3697,test,BOMBAY
3698,train,BOMBAY
3699,train,BOMBAY
3700,train,BOMBAY
3701,train,BOMBAY
3702,train,BOMBAY
3703,train,BOMBAY
3704,train,BOMBAY
3705,train,BOMBAY
3706,train,BOMBAY
3707,validation,BOMBAY
3708,train,BOMBAY
3709,train,BOMBAY
3710,train,BOMBAY
3711,train,BOMBAY
3712,test,BOMBAY
3713,test,BOMBAY
3714,train,BOMBAY
3715,train,BOMBAY
3716,train,BOMBAY
3717,train,BOMBAY
3718,train,BOMBAY
3719,validation,BOMBAY
3720,validation,BOMBAY
3721,train,BOMBAY
3722,test,BOMBAY
3723,train,BOMBAY
3724,test,BOMBAY
3725,validation,BOMBAY
3726,train,BOMBAY
3727,validation,BOMBAY
3728,test,BOMBAY
3729,train,BOMBAY
3730,test,BOMBAY
3731,train,BOMBAY
3732,train,BOMBAY
3733,train,BOMBAY
3734,validation,BOMBAY
3735,train,BOMBAY
3736,train,BOMBAY
3737,test,BOMBAY
3738,train,BOMBAY
3739,validation,BOMBAY
3740,train,BOMBAY
3741,train,BOMBAY
3742,train,BOMBAY
3743,train,BOMBAY
3744,train,BOMBAY
3745,validation,BOMBAY
3746,train,BOMBAY
3747,validation,BOMBAY
3748,train,BOMBAY
3749,validation,BOMBAY
3750,validation,BOMBAY
3751,train,BOMBAY
3752,test,BOMBAY
3753,train,BOMBAY
3754,train,BOMBAY
3755,validation,BOMBAY
3756,test,BOMBAY
3757,validation,BOMBAY
3758,test,BOMBAY
3759,train,BOMBAY
3760,train,BOMBAY
3761,train,BOMBAY
3762,validation,BOMBAY
3763,train,BOMBAY
3764,train,BOMBAY
3765,train,BOMBAY
3766,train,BOMBAY
3767,train,BOMBAY
3768,train,BOMBAY
3769,test,BOMBAY
3770,train,BOMBAY
3771,test,BOMBAY
3772,validation,BOMBAY
3773,train,BOMBAY
3774,train,BOMBAY
3775,train,BOMBAY
3776,train,BOMBAY
3777,train,BOMBAY
3778,train,BOMBAY
3779,train,BOMBAY
3780,test,BOMBAY
3781,train,BOMBAY
3782,test,BOMBAY
3783,test,BOMBAY
3784,train,BOMBAY
3785,train,BOMBAY
3786,train,BOMBAY
3787,validation,BOMBAY
3788,train,BOMBAY
3789,train,BOMBAY
3790,train,BOMBAY
3791,validation,BOMBAY
3792,validation,BOMBAY
3793,test,BOMBAY
3794,train,BOMBAY
3795,train,BOMBAY
3796,train,BOMBAY
3797,train,BOMBAY
3798,train,BOMBAY
3799,train,BOMBAY
3800,train,BOMBAY
3801,train,BOMBAY
3802,train,BOMBAY
3803,train,BOMBAY
3804,train,BOMBAY
3805,train,BOMBAY
3806,train,BOMBAY
3807,train,BOMBAY
3808,train,BOMBAY
3809,train,BOMBAY
3810,train,BOMBAY
3811,train,BOMBAY
3812,test,BOMBAY
3813,train,BOMBAY
3814,test,BOMBAY
3815,train,BOMBAY
3816,train,BOMBAY
3817,train,BOMBAY
3818,train,BOMBAY
3819,train,BOMBAY
3820,train,BOMBAY
3821,test,BOMBAY
3822,test,BOMBAY
3823,train,BOMBAY
3824,train,BOMBAY
3825,train,BOMBAY
3826,validation,BOMBAY
3827,test,BOMBAY
3828,train,BOMBAY
3829,train,BOMBAY
3830,train,BOMBAY
3831,train,BOMBAY
3832,train,BOMBAY
3833,test,BOMBAY
3834,train,BOMBAY
3835,validation,BOMBAY
3836,train,BOMBAY
3837,train,BOMBAY
3838,train,BOMBAY
3839,validation,BOMBAY
3840,train,BOMBAY
3841,train,BOMBAY
3842,train,BOMBAY
3843,train,BOMBAY
3844,train,BOMBAY
3845,test,BOMBAY
3846,validation,BOMBAY
3847,test,BOMBAY
3848,train,BOMBAY
3849,train,BOMBAY
3850,train,BOMBAY
3851,validation,BOMBAY
3852,train,BOMBAY
3853,train,BOMBAY
3854,train,BOMBAY
3855,validation,BOMBAY
3856,validation,BOMBAY
3857,train,BOMBAY
3858,validation,BOMBAY
3859,train,BOMBAY
3860,train,BOMBAY
3861,train,BOMBAY
3862,train,BOMBAY
3863,train,BOMBAY
3864,train,BOMBAY
3865,train,BOMBAY
3866,test,BOMBAY
3867,train,BOMBAY
3868,train,BOMBAY
3869,validation,BOMBAY
3870,test,BOMBAY
3871,train,CALI
3872,validation,CALI
3873,train,CALI
3874,train,CALI
3875,train,CALI
3876,train,CALI
3877,train,CALI
3878,train,CALI
3879,train,CALI
3880,test,CALI
3881,train,CALI
3882,validation,CALI
3883,train,CALI
3884,validation,CALI
3885,train,CALI
3886,train,CALI
3887,train,CALI
3888,train,CALI
3889,test,CALI
3890,train,CALI
3891,validation,CALI
3892,train,CALI
3893,train,CALI
3894,train,CALI
3895,train,CALI
3896,train,CALI
3897,train,CALI
3898,test,CALI
3899,train,CALI
3900,train,CALI
3901,train,CALI
3902,train,CALI
3903,train,CALI
3904,train,CALI
3905,train,CALI
3906,validation,CALI
3907,train,CALI
3908,train,CALI
3909,train,CALI
3910,train,CALI
3911,train,CALI
3912,validation,CALI
3913,validation,CALI
3914,train,CALI
3915,train,CALI
3916,train,CALI
3917,train,CALI
3918,train,CALI
3919,train,CALI
3920,validation,CALI
3921,test,CALI
3922,train,CALI
3923,train,CALI
3924,train,CALI
3925,test,CALI
3926,train,CALI
3927,train,CALI
3928,test,CALI
3929,train,CALI
3930,train,CALI
3931,train,CALI
3932,train,CALI
3933,train,CALI
3934,train,CALI
3935,train,CALI
3936,test,CALI
3937,validation,CALI
3938,train,CALI
3939,train,CALI
3940,train,CALI
3941,train,CALI
3942,train,CALI
3943,validation,CALI
3944,train,CALI
3945,train,CALI
3946,train,CALI
3947,train,CALI
3948,train,CALI
3949,train,CALI
3950,train,CALI
3951,train,CALI
3952,train,CALI
3953,train,CALI
3954,train,CALI
3955,test,CALI
3956,validation,CALI
3957,train,CALI
3958,train,CALI
3959,train,CALI
3960,test,CALI
3961,train,CALI
3962,test,CALI
3963,train,CALI
3964,train,CALI
3965,validation,CALI
3966,train,CALI
3967,train,CALI
3968,train,CALI
3969,train,CALI
3970,test,CALI
3971,train,CALI
3972,test,CALI
3973,train,CALI
3974,train,CALI
3975,train,CALI
3976,validation,CALI
3977,train,CALI
3978,train,CALI
3979,train,CALI
3980,train,CALI
3981,train,CALI
3982,train,CALI
3983,train,CALI
3984,validation,CALI
3985,train,CALI
3986,test,CALI
3987,train,CALI
3988,train,CALI
3989,validation,CALI
3990,train,CALI
3991,train,CALI
3992,train,CALI
3993,train,CALI
3994,train,CALI
3995,train,CALI
3996,test,CALI
3997,train,CALI
3998,validation,CALI
3999,validation,CALI
4000,test,CALI
4001,train,CALI
4002,train,CALI
4003,test,CALI
4004,test,CALI
4005,train,CALI
4006,train,CALI
4007,train,CALI
4008,train,CALI
4009,train,CALI
4010,train,CALI
4011,validation,CALI
4012,train,CALI
4013,test,CALI
4014,train,CALI
4015,train,CALI
4016,test,CALI
4017,train,CALI
4018,train,CALI
4019,test,CALI
4020,train,CALI
4021,validation,CALI
4022,validation,CALI
4023,train,CALI
4024,train,CALI
4025,train,CALI
4026,test,CALI
4027,train,CALI
4028,train,CALI
4029,test,CALI
4030,test,CALI
4031,train,CALI
4032,train,CALI
4033,train,CALI
4034,test,CALI
4035,validation,CALI
4036,train,CALI
4037,train,CALI
4038,train,CALI
4039,train,CALI
4040,train,CALI
4041,train,CALI
4042,train,CALI
4043,train,CALI
4044,train,CALI
4045,train,CALI
4046,train,CALI
4047,train,CALI
4048,train,CALI
4049,train,CALI
4050,train,CALI
4051,train,CALI
4052,train,CALI
4053,train,CALI
4054,train,CALI
4055,train,CALI
4056,validation,CALI
4057,train,CALI
4058,train,CALI
4059,train,CALI
4060,train,CALI
4061,train,CALI
4062,train,CALI
4063,train,CALI
4064,train,CALI
4065,train,CALI
4066,train,CALI
4067,train,CALI
4068,validation,CALI
4069,train,CALI
4070,train,CALI
4071,train,CALI
4072,train,CALI
4073,train,CALI
4074,train,CALI
4075,train,CALI
4076,train,CALI
4077,train,CALI
4078,test,CALI
4079,train,CALI
4080,train,CALI
4081,train,CALI
4082,train,CALI
4083,train,CALI
4084,train,CALI
4085,train,CALI
4086,train,CALI
4087,validation,CALI
4088,train,CALI
4089,train,CALI
4090,train,CALI
4091,train,CALI
4092,train,CALI
4093,train,CALI
4094,train,CALI
4095,train,CALI
4096,train,CALI
4097,train,CALI
4098,train,CALI
4099,train,CALI
4100,train,CALI
4101,validation,CALI
4102,train,CALI
4103,train,CALI
4104,train,CALI
4105,train,CALI
4106,train,CALI
4107,test,CALI
4108,test,CALI
4109,train,CALI
4110,train,CALI
4111,train,CALI
4112,test,CALI
4113,train,CALI
4114,test,CALI
4115,train,CALI
4116,train,CALI
4117,train,CALI
4118,train,CALI
4119,train,CALI
4120,train,CALI
4121,train,CALI
4122,train,CALI
4123,validation,CALI
4124,validation,CALI
4125,train,CALI
4126,train,CALI
4127,train,CALI
4128,train,CALI
4129,train,CALI
4130,train,CALI
4131,test,CALI
4132,validation,CALI
4133,validation,CALI
4134,train,CALI
4135,train,CALI
4136,test,CALI
4137,train,CALI
4138,train,CALI
4139,train,CALI
4140,validation,CALI
4141,train,CALI
4142,train,CALI
4143,train,CALI
4144,train,CALI
4145,train,CALI
4146,validation,CALI
4147,train,CALI
4148,train,CALI
4149,train,CALI
4150,train,CALI
4151,train,CALI
4152,test,CALI
4153,train,CALI
4154,train,CALI
4155,train,CALI
4156,test,CALI
4157,validation,CALI
4158,test,CALI
4159,train,CALI
4160,train,CALI
4161,test,CALI
4162,train,CALI
4163,validation,CALI
4164,train,CALI
4165,test,CALI
4166,train,CALI
4167,train,CALI
4168,test,CALI
4169,train,CALI
4170,train,CALI
4171,test,CALI
4172,validation,CALI
4173,validation,CALI
4174,validation,CALI
4175,test,CALI
4176,train,CALI
4177,train,CALI
4178,validation,CALI
4179,train,CALI
4180,train,CALI
4181,validation,CALI
4182,test,CALI
4183,validation,CALI
4184,train,CALI
4185,train,CALI
4186,train,CALI
4187,train,CALI
4188,validation,CALI
4189,train,CALI
4190,train,CALI
4191,test,CALI
4192,train,CALI
4193,train,CALI
4194,validation,CALI
4195,train,CALI
4196,train,CALI
4197,train,CALI
4198,validation,CALI
4199,train,CALI
4200,train,CALI
4201,train,CALI
4202,train,CALI
4203,train,CALI
4204,validation,CALI
4205,validation,CALI
4206,validation,CALI
4207,train,CALI
4208,train,CALI
4209,train,CALI
4210,train,CALI
4211,test,CALI
4212,validation,CALI
4213,validation,CALI
4214,train,CALI
4215,test,CALI
4216,train,CALI
4217,train,CALI
4218,validation,CALI
4219,train,CALI
4220,test,CALI
4221,train,CALI
4222,train,CALI
4223,test,CALI
4224,test,CALI
4225,train,CALI
4226,train,CALI
4227,train,CALI
4228,train,CALI
4229,train,CALI
4230,train,CALI
4231,validation,CALI
4232,train,CALI
4233,train,CALI
4234,test,CALI
4235,train,CALI
4236,train,CALI
4237,train,CALI
4238,train,CALI
4239,train,CALI
4240,train,CALI
4241,train,CALI
4242,train,CALI
4243,validation,CALI
4244,train,CALI
4245,test,CALI
4246,train,CALI
4247,train,CALI
4248,validation,CALI
4249,train,CALI
4250,train,CALI
4251,test,CALI
4252,train,CALI
4253,train,CALI
4254,test,CALI
4255,train,CALI
4256,train,CALI
4257,train,CALI
4258,train,CALI
4259,train,CALI
4260,test,CALI
4261,train,CALI
4262,train,CALI
4263,train,CALI
4264,train,CALI
4265,train,CALI
4266,train,CALI
4267,test,CALI
4268,train,CALI
4269,test,CALI
4270,train,CALI
4271,train,CALI
4272,train,CALI
4273,train,CALI
4274,train,CALI
4275,train,CALI
4276,test,CALI
4277,test,CALI
4278,train,CALI
4279,train,CALI
4280,train,CALI
4281,train,CALI
4282,train,CALI
4283,train,CALI
4284,train,CALI
4285,train,CALI
4286,train,CALI
4287,train,CALI
4288,train,CALI
4289,test,CALI
4290,validation,CALI
4291,train,CALI
4292,train,CALI
4293,train,CALI
4294,train,CALI
4295,test,CALI
4296,train,CALI
4297,test,CALI
4298,validation,CALI
4299,train,CALI
4300,train,CALI
4301,train,CALI
4302,train,CALI
4303,train,CALI
4304,train,CALI
4305,train,CALI
4306,train,CALI
4307,train,CALI
4308,train,CALI
4309,train,CALI
4310,train,CALI
4311,test,CALI
4312,train,CALI
4313,train,CALI
4314,train,CALI
4315,test,CALI
4316,test,CALI
4317,test,CALI
4318,train,CALI
4319,test,CALI
4320,train,CALI
4321,train,CALI
4322,train,CALI
4323,test,CALI
4324,validation,CALI
4325,validation,CALI
4326,test,CALI
4327,train,CALI
4328,train,CALI
4329,validation,CALI
4330,test,CALI
4331,train,CALI
4332,train,CALI
4333,train,CALI
4334,train,CALI
4335,train,CALI
4336,train,CALI
4337,train,CALI
4338,train,CALI
4339,train,CALI
4340,test,CALI
4341,train,CALI
4342,train,CALI
4343,train,CALI
4344,train,CALI
4345,train,CALI
4346,train,CALI
4347,train,CALI
4348,validation,CALI
4349,train,CALI
4350,train,CALI
4351,validation,CALI
4352,validation,CALI
4353,test,CALI
4354,train,CALI
4355,test,CALI
4356,train,CALI
4357,train,CALI
4358,train,CALI
4359,test,CALI
4360,validation,CALI
4361,train,CALI
4362,train,CALI
4363,train,CALI
4364,validation,CALI
4365,test,CALI
4366,train,CALI
4367,train,CALI
4368,test,CALI
4369,train,CALI
4370,train,CALI
4371,train,CALI
4372,train,CALI
4373,train,CALI
4374,test,CALI
4375,train,CALI
4376,train,CALI
4377,train,CALI
4378,train,CALI
4379,test,CALI
4380,train,CALI
4381,validation,CALI
4382,train,CALI
4383,validation,CALI
4384,train,CALI
4385,validation,CALI
4386,train,CALI
4387,validation,CALI
4388,train,CALI
4389,train,CALI
4390,train,CALI
4391,validation,CALI
4392,train,CALI
4393,train,CALI
4394,train,CALI
4395,train,CALI
4396,validation,CALI
4397,train,CALI
4398,train,CALI
4399,train,CALI
4400,validation,CALI
4401,test,CALI
4402,train,CALI
4403,train,CALI
4404,train,CALI
4405,train,CALI
4406,train,CALI
4407,validation,CALI
4408,train,CALI
4409,train,CALI
4410,train,CALI
4411,train,CALI
4412,train,CALI
4413,test,CALI
4414,train,CALI
4415,train,CALI
4416,train,CALI
4417,train,CALI
4418,train,CALI
4419,train,CALI
4420,train,CALI
4421,train,CALI
4422,train,CALI
4423,validation,CALI
4424,test,CALI
4425,train,CALI
4426,train,CALI
4427,train,CALI
4428,train,CALI
4429,validation,CALI
4430,train,CALI
4431,test,CALI
4432,train,CALI
4433,train,CALI
4434,train,CALI
4435,train,CALI
4436,train,CALI
4437,train,CALI
4438,train,CALI
4439,train,CALI
4440,train,CALI
4441,train,CALI
4442,train,CALI
4443,train,CALI
4444,train,CALI
4445,test,CALI
4446,validation,CALI
4447,train,CALI
4448,validation,CALI
4449,train,CALI
4450,train,CALI
4451,validation,CALI
4452,train,CALI
4453,train,CALI
4454,test,CALI
4455,validation,CALI
4456,train,CALI
4457,train,CALI
4458,validation,CALI
4459,validation,CALI
4460,validation,CALI
4461,train,CALI
4462,test,CALI
4463,train,CALI
4464,validation,CALI
4465,train,CALI
4466,train,CALI
4467,train,CALI
4468,train,CALI
4469,train,CALI
4470,train,CALI
4471,train,CALI
4472,train,CALI
4473,train,CALI
4474,train,CALI
4475,test,CALI
4476,train,CALI
4477,train,CALI
4478,test,CALI
4479,train,CALI
4480,train,CALI
4481,train,CALI
4482,train,CALI
4483,train,CALI
4484,validation,CALI
4485,train,CALI
4486,train,CALI
4487,train,CALI
4488,validation,CALI
4489,test,CALI
4490,test,CALI
4491,validation,CALI
4492,train,CALI
4493,train,CALI
4494,train,CALI
4495,train,CALI
4496,train,CALI
4497,validation,CALI
4498,train,CALI
4499,test,CALI
4500,validation,CALI
4501,test,CALI
4502,train,CALI
4503,test,CALI
4504,train,CALI
4505,train,CALI
4506,train,CALI
4507,test,CALI
4508,train,CALI
4509,train,CALI
4510,train,CALI
4511,train,CALI
4512,train,CALI
4513,train,CALI
4514,validation,CALI
4515,train,CALI
4516,train,CALI
4517,train,CALI
4518,validation,CALI
4519,train,CALI
4520,test,CALI
4521,train,CALI
4522,train,CALI
4523,train,CALI
4524,train,CALI
4525,train,CALI
4526,train,CALI
4527,test,CALI
4528,train,CALI
4529,train,CALI
4530,train,CALI
4531,test,CALI
4532,test,CALI
4533,train,CALI
4534,test,CALI
4535,validation,CALI
4536,train,CALI
4537,train,CALI
4538,train,CALI
4539,validation,CALI
4540,test,CALI
4541,train,CALI
4542,validation,CALI
4543,validation,CALI
4544,train,CALI
4545,train,CALI
4546,train,CALI
4547,train,CALI
4548,test,CALI
4549,train,CALI
4550,train,CALI
4551,train,CALI
4552,validation,CALI
4553,train,CALI
4554,train,CALI
4555,train,CALI
4556,train,CALI
4557,validation,CALI
4558,test,CALI
4559,train,CALI
4560,train,CALI
4561,validation,CALI
4562,train,CALI
4563,test,CALI
4564,train,CALI
4565,train,CALI
4566,train,CALI
4567,train,CALI
4568,train,CALI
4569,train,CALI
4570,validation,CALI
4571,train,CALI
4572,train,CALI
4573,train,CALI
4574,validation,CALI
4575,train,CALI
4576,train,CALI
4577,train,CALI
4578,validation,CALI
4579,train,CALI
4580,train,CALI
4581,validation,CALI
4582,train,CALI
4583,train,CALI
4584,train,CALI
4585,validation,CALI
4586,train,CALI
4587,train,CALI
4588,train,CALI
4589,train,CALI
4590,test,CALI
4591,train,CALI
4592,train,CALI
4593,train,CALI
4594,train,CALI
4595,test,CALI
4596,validation,CALI
4597,validation,CALI
4598,train,CALI
4599,train,CALI
4600,train,CALI
4601,train,CALI
4602,train,CALI
4603,train,CALI
4604,train,CALI
4605,train,CALI
4606,validation,CALI
4607,train,CALI
4608,validation,CALI
4609,train,CALI
4610,train,CALI
4611,train,CALI
4612,train,CALI
4613,train,CALI
4614,test,CALI
4615,train,CALI
4616,validation,CALI
4617,train,CALI
4618,train,CALI
4619,test,CALI
4620,train,CALI
4621,test,CALI
4622,validation,CALI
4623,train,CALI
4624,train,CALI
4625,validation,CALI
4626,train,CALI
4627,train,CALI
4628,train,CALI
4629,train,CALI
4630,train,CALI
4631,validation,CALI
4632,train,CALI
4633,train,CALI
4634,train,CALI
4635,train,CALI
4636,train,CALI
4637,train,CALI
4638,train,CALI
4639,train,CALI
4640,validation,CALI
4641,train,CALI
4642,train,CALI
4643,train,CALI
4644,train,CALI
4645,train,CALI
4646,validation,CALI
4647,train,CALI
4648,train,CALI
4649,train,CALI
4650,train,CALI
4651,test,CALI
4652,train,CALI
4653,test,CALI
4654,test,CALI
4655,train,CALI
4656,train,CALI
4657,validation,CALI
4658,train,CALI
4659,validation,CALI
4660,train,CALI
4661,train,CALI
4662,train,CALI
4663,test,CALI
4664,validation,CALI
4665,train,CALI
4666,train,CALI
4667,test,CALI
4668,train,CALI
4669,train,CALI
4670,test,CALI
4671,validation,CALI
4672,train,CALI
4673,train,CALI
4674,train,CALI
4675,test,CALI
4676,train,CALI
4677,train,CALI
4678,train,CALI
4679,train,CALI
4680,train,CALI
4681,train,CALI
4682,train,CALI
4683,train,CALI
4684,validation,CALI
4685,train,CALI
4686,validation,CALI
4687,train,CALI
4688,train,CALI
4689,train,CALI
4690,train,CALI
4691,train,CALI
4692,test,CALI
4693,train,CALI
4694,train,CALI
4695,train,CALI
4696,train,CALI
4697,train,CALI
4698,validation,CALI
4699,train,CALI
4700,train,CALI
4701,train,CALI
4702,train,CALI
4703,test,CALI
4704,train,CALI
4705,validation,CALI
4706,train,CALI
4707,test,CALI
4708,validation,CALI
4709,train,CALI
4710,train,CALI
4711,train,CALI
4712,validation,CALI
4713,train,CALI
4714,validation,CALI
4715,train,CALI
4716,test,CALI
4717,train,CALI
4718,train,CALI
4719,train,CALI
4720,train,CALI
4721,test,CALI
4722,train,CALI
4723,train,CALI
4724,train,CALI
4725,train,CALI
4726,train,CALI
4727,validation,CALI
4728,train,CALI
4729,test,CALI
4730,train,CALI
4731,train,CALI
4732,validation,CALI
4733,train,CALI
4734,train,CALI
4735,train,CALI
4736,test,CALI
4737,test,CALI
4738,train,CALI
4739,train,CALI
4740,train,CALI
4741,train,CALI
4742,train,CALI
4743,train,CALI
4744,train,CALI
4745,train,CALI
4746,train,CALI
4747,train,CALI
4748,train,CALI
4749,train,CALI
4750,train,CALI
4751,train,CALI
4752,train,CALI
4753,train,CALI
4754,train,CALI
4755,train,CALI
4756,validation,CALI
4757,validation,CALI
4758,train,CALI
4759,train,CALI
4760,train,CALI
4761,validation,CALI
4762,validation,CALI
4763,train,CALI
4764,train,CALI
4765,train,CALI
4766,train,CALI
4767,train,CALI
4768,train,CALI
4769,test,CALI
4770,train,CALI
4771,train,CALI
4772,test,CALI
4773,train,CALI
4774,train,CALI
4775,train,CALI
4776,train,CALI
4777,train,CALI
4778,train,CALI
4779,validation,CALI
4780,train,CALI
4781,validation,CALI
4782,validation,CALI
4783,train,CALI
4784,train,CALI
4785,validation,CALI
4786,train,CALI
4787,validation,CALI
4788,train,CALI
4789,validation,CALI
4790,train,CALI
4791,test,CALI
4792,train,CALI
4793,train,CALI
4794,train,CALI
4795,train,CALI
4796,train,CALI
4797,train,CALI
4798,train,CALI
4799,train,CALI
4800,train,CALI
4801,test,CALI
4802,test,CALI
4803,train,CALI
4804,train,CALI
4805,train,CALI
4806,train,CALI
4807,train,CALI
4808,train,CALI
4809,train,CALI
4810,validation,CALI
4811,train,CALI
4812,test,CALI
4813,train,CALI
4814,validation,CALI
4815,train,CALI
4816,train,CALI
4817,validation,CALI
4818,validation,CALI
4819,train,CALI
4820,train,CALI
4821,train,CALI
4822,test,CALI
4823,train,CALI
4824,train,CALI
4825,train,CALI
4826,test,CALI
4827,validation,CALI
4828,train,CALI
4829,test,CALI
4830,train,CALI
4831,train,CALI
4832,validation,CALI
4833,train,CALI
4834,test,CALI
4835,train,CALI
4836,train,CALI
4837,train,CALI
4838,test,CALI
4839,validation,CALI
4840,train,CALI
4841,test,CALI
4842,validation,CALI
4843,train,CALI
4844,validation,CALI
4845,test,CALI
4846,train,CALI
4847,train,CALI
4848,validation,CALI
4849,train,CALI
4850,validation,CALI
4851,train,CALI
4852,train,CALI
4853,train,CALI
4854,test,CALI
4855,train,CALI
4856,train,CALI
4857,test,CALI
4858,validation,CALI
4859,validation,CALI
4860,train,CALI
4861,train,CALI
4862,train,CALI
4863,validation,CALI
4864,test,CALI
4865,train,CALI
4866,train,CALI
4867,train,CALI
4868,train,CALI
4869,test,CALI
4870,train,CALI
4871,validation,CALI
4872,train,CALI
4873,train,CALI
4874,train,CALI
4875,validation,CALI
4876,validation,CALI
4877,train,CALI
4878,validation,CALI
4879,test,CALI
4880,validation,CALI
4881,train,CALI
4882,train,CALI
4883,test,CALI
4884,test,CALI
4885,validation,CALI
4886,train,CALI
4887,validation,CALI
4888,train,CALI
4889,train,CALI
4890,train,CALI
4891,train,CALI
4892,train,CALI
4893,train,CALI
4894,train,CALI
4895,test,CALI
4896,train,CALI
4897,validation,CALI
4898,train,CALI
4899,train,CALI
4900,train,CALI
4901,validation,CALI
4902,test,CALI
4903,train,CALI
4904,validation,CALI
4905,train,CALI
4906,validation,CALI
4907,train,CALI
4908,train,CALI
4909,train,CALI
4910,train,CALI
4911,train,CALI
4912,train,CALI
4913,train,CALI
4914,validation,CALI
4915,train,CALI
4916,train,CALI
4917,train,CALI
4918,train,CALI
4919,test,CALI
4920,validation,CALI
4921,train,CALI
4922,train,CALI
4923,train,CALI
4924,train,CALI
4925,train,CALI
4926,train,CALI
4927,train,CALI
4928,train,CALI
4929,test,CALI
4930,train,CALI
4931,train,CALI
4932,train,CALI
4933,validation,CALI
4934,train,CALI
4935,train,CALI
4936,train,CALI
4937,train,CALI
4938,train,CALI
4939,train,CALI
4940,train,CALI
4941,train,CALI
4942,train,CALI
4943,validation,CALI
4944,train,CALI
4945,train,CALI
4946,train,CALI
4947,validation,CALI
4948,train,CALI
4949,train,CALI
4950,train,CALI
4951,train,CALI
4952,train,CALI
4953,validation,CALI
4954,test,CALI
4955,train,CALI
4956,train,CALI
4957,train,CALI
4958,train,CALI
4959,validation,CALI
4960,train,CALI
4961,validation,CALI
4962,train,CALI
4963,validation,CALI
4964,validation,CALI
4965,train,CALI
4966,train,CALI
4967,train,CALI
4968,train,CALI
4969,train,CALI
4970,validation,CALI
4971,test,CALI
4972,train,CALI
4973,validation,CALI
4974,train,CALI
4975,train,CALI
4976,train,CALI
4977,train,CALI
4978,validation,CALI
4979,train,CALI
4980,train,CALI
4981,train,CALI
4982,train,CALI
4983,validation,CALI
4984,train,CALI
4985,train,CALI
4986,train,CALI
4987,train,CALI
4988,train,CALI
4989,train,CALI
4990,train,CALI
4991,train,CALI
4992,train,CALI
4993,train,CALI
4994,train,CALI
4995,validation,CALI
4996,validation,CALI
4997,train,CALI
4998,validation,CALI
4999,train,CALI
5000,train,CALI
5001,validation,CALI
5002,validation,CALI
5003,train,CALI
5004,test,CALI
5005,train,CALI
5006,train,CALI
5007,train,CALI
5008,train,CALI
5009,train,CALI
5010,train,CALI
5011,test,CALI
5012,test,CALI
5013,test,CALI
5014,train,CALI
5015,test,CALI
5016,train,CALI
5017,train,CALI
5018,test,CALI
5019,train,CALI
5020,train,CALI
5021,train,CALI
5022,train,CALI
5023,train,CALI
5024,validation,CALI
5025,train,CALI
5026,train,CALI
5027,test,CALI
5028,train,CALI
5029,train,CALI
5030,train,CALI
5031,train,CALI
5032,train,CALI
5033,train,CALI
5034,train,CALI
5035,train,CALI
5036,train,CALI
5037,train,CALI
5038,validation,CALI
5039,test,CALI
5040,train,CALI
5041,test,CALI
5042,train,CALI
5043,validation,CALI
5044,train,CALI
5045,train,CALI
5046,train,CALI
5047,train,CALI
5048,test,CALI
5049,train,CALI
5050,test,CALI
5051,train,CALI
5052,validation,CALI
5053,validation,CALI
5054,validation,CALI
5055,validation,CALI
5056,train,CALI
5057,validation,CALI
5058,train,CALI
5059,train,CALI
5060,train,CALI
5061,test,CALI
5062,train,CALI
5063,train,CALI
5064,train,CALI
5065,train,CALI
5066,test,CALI
5067,train,CALI
5068,train,CALI
5069,test,CALI
5070,train,CALI
5071,train,CALI
5072,validation,CALI
5073,train,CALI
5074,train,CALI
5075,train,CALI
5076,train,CALI
5077,train,CALI
5078,validation,CALI
5079,validation,CALI
5080,train,CALI
5081,train,CALI
5082,train,CALI
5083,train,CALI
5084,train,CALI
5085,train,CALI
5086,train,CALI
5087,validation,CALI
5088,train,CALI
5089,train,CALI
5090,test,CALI
5091,train,CALI
5092,train,CALI
5093,train,CALI
5094,train,CALI
5095,train,CALI
5096,test,CALI
5097,train,CALI
5098,validation,CALI
5099,train,CALI
5100,validation,CALI
5101,train,CALI
5102,train,CALI
5103,test,CALI
5104,test,CALI
5105,train,CALI
5106,train,CALI
5107,train,CALI
5108,train,CALI
5109,train,CALI
5110,test,CALI
5111,train,CALI
5112,test,CALI
5113,train,CALI
5114,validation,CALI
5115,test,CALI
5116,train,CALI
5117,test,CALI
5118,train,CALI
5119,train,CALI
5120,validation,CALI
5121,test,CALI
5122,train,CALI
5123,test,CALI
5124,test,CALI
5125,validation,CALI
5126,train,CALI
5127,test,CALI
5128,train,CALI
5129,train,CALI
5130,train,CALI
5131,test,CALI
5132,validation,CALI
5133,train,CALI
5134,train,CALI
5135,validation,CALI
5136,train,CALI
5137,train,CALI
5138,test,CALI
5139,train,CALI
5140,validation,CALI
5141,train,CALI
5142,train,CALI
5143,train,CALI
5144,validation,CALI
5145,test,CALI
5146,train,CALI
5147,train,CALI
5148,validation,CALI
5149,train,CALI
5150,train,CALI
5151,validation,CALI
5152,train,CALI
5153,train,CALI
5154,test,CALI
5155,train,CALI
5156,train,CALI
5157,test,CALI
5158,train,CALI
5159,validation,CALI
5160,train,CALI
5161,test,CALI
5162,test,CALI
5163,train,CALI
5164,train,CALI
5165,train,CALI
5166,validation,CALI
5167,train,CALI
5168,train,CALI
5169,test,CALI
5170,test,CALI
5171,test,CALI
5172,train,CALI
5173,test,CALI
5174,train,CALI
5175,test,CALI
5176,train,CALI
5177,train,CALI
5178,validation,CALI
5179,train,CALI
5180,train,CALI
5181,test,CALI
5182,train,CALI
5183,train,CALI
5184,train,CALI
5185,train,CALI
5186,train,CALI
5187,test,CALI
5188,test,CALI
5189,train,CALI
5190,validation,CALI
5191,test,CALI
5192,validation,CALI
5193,train,CALI
5194,test,CALI
5195,train,CALI
5196,test,CALI
5197,validation,CALI
5198,test,CALI
5199,train,CALI
5200,test,CALI
5201,train,CALI
5202,train,CALI
5203,train,CALI
5204,train,CALI
5205,train,CALI
5206,train,CALI
5207,train,CALI
5208,train,CALI
5209,train,CALI
5210,train,CALI
5211,train,CALI
5212,train,CALI
5213,train,CALI
5214,train,CALI
5215,train,CALI
5216,test,CALI
5217,test,CALI
5218,test,CALI
5219,train,CALI
5220,test,CALI
5221,train,CALI
5222,train,CALI
5223,train,CALI
5224,train,CALI
5225,validation,CALI
5226,train,CALI
5227,train,CALI
5228,validation,CALI
5229,validation,CALI
5230,validation,CALI
5231,train,CALI
5232,train,CALI
5233,train,CALI
5234,train,CALI
5235,validation,CALI
5236,train,CALI
5237,train,CALI
5238,test,CALI
5239,train,CALI
5240,train,CALI
5241,train,CALI
5242,train,CALI
5243,train,CALI
5244,test,CALI
5245,test,CALI
5246,test,CALI
5247,train,CALI
5248,test,CALI
5249,train,CALI
5250,train,CALI
5251,train,CALI
5252,test,CALI
5253,test,CALI
5254,validation,CALI
5255,test,CALI
5256,validation,CALI
5257,validation,CALI
5258,train,CALI
5259,test,CALI
5260,train,CALI
5261,test,CALI
5262,train,CALI
5263,train,CALI
5264,test,CALI
5265,validation,CALI
5266,train,CALI
5267,train,CALI
5268,train,CALI
5269,train,CALI
5270,test,CALI
5271,train,CALI
5272,train,CALI
5273,train,CALI
5274,validation,CALI
5275,validation,CALI
5276,train,CALI
5277,test,CALI
5278,train,CALI
5279,validation,CALI
5280,train,CALI
5281,train,CALI
5282,train,CALI
5283,train,CALI
5284,train,CALI
5285,train,CALI
5286,train,CALI
5287,train,CALI
5288,train,CALI
5289,test,CALI
5290,train,CALI
5291,train,CALI
5292,train,CALI
5293,train,CALI
5294,train,CALI
5295,validation,CALI
5296,train,CALI
5297,train,CALI
5298,train,CALI
5299,test,CALI
5300,test,CALI
5301,test,CALI
5302,train,CALI
5303,train,CALI
5304,train,CALI
5305,train,CALI
5306,train,CALI
5307,validation,CALI
5308,test,CALI
5309,train,CALI
5310,train,CALI
5311,train,CALI
5312,test,CALI
5313,train,CALI
5314,train,CALI
5315,train,CALI
5316,validation,CALI
5317,test,CALI
5318,test,CALI
5319,validation,CALI
5320,train,CALI
5321,train,CALI
5322,validation,CALI
5323,validation,CALI
5324,train,CALI
5325,train,CALI
5326,train,CALI
5327,train,CALI
5328,test,CALI
5329,train,CALI
5330,train,CALI
5331,train,CALI
5332,test,CALI
5333,test,CALI
5334,train,CALI
5335,train,CALI
5336,train,CALI
5337,test,CALI
5338,train,CALI
5339,train,CALI
5340,train,CALI
5341,train,CALI
5342,train,CALI
5343,validation,CALI
5344,train,CALI
5345,test,CALI
5346,train,CALI
5347,train,CALI
5348,test,CALI
5349,train,CALI
5350,validation,CALI
5351,validation,CALI
5352,train,CALI
5353,validation,CALI
5354,train,CALI
5355,train,CALI
5356,train,CALI
5357,test,CALI
5358,train,CALI
5359,train,CALI
5360,train,CALI
5361,validation,CALI
5362,train,CALI
5363,test,CALI
5364,train,CALI
5365,train,CALI
5366,train,CALI
5367,train,CALI
5368,train,CALI
5369,train,CALI
5370,train,CALI
5371,train,CALI
5372,train,CALI
5373,train,CALI
5374,train,CALI
5375,train,CALI
5376,test,CALI
5377,train,CALI
5378,train,CALI
5379,train,CALI
5380,validation,CALI
5381,train,CALI
5382,train,CALI
5383,train,CALI
5384,train,CALI
5385,train,CALI
5386,train,CALI
5387,test,CALI
5388,train,CALI
5389,train,CALI
5390,validation,CALI
5391,test,CALI
5392,train,CALI
5393,train,CALI
5394,train,CALI
5395,test,CALI
5396,validation,CALI
5397,train,CALI
5398,train,CALI
5399,train,CALI
5400,train,CALI
5401,train,CALI
5402,validation,CALI
5403,train,CALI
5404,train,CALI
5405,train,CALI
5406,validation,CALI
5407,train,CALI
5408,validation,CALI
5409,train,CALI
5410,train,CALI
5411,validation,CALI
5412,train,CALI
5413,train,CALI
5414,test,CALI
5415,test,CALI
5416,test,CALI
5417,train,CALI
5418,train,CALI
5419,test,CALI
5420,train,CALI
5421,train,CALI
5422,train,CALI
5423,train,CALI
5424,train,CALI
5425,train,CALI
5426,train,CALI
5427,train,CALI
5428,train,CALI
5429,train,CALI
5430,train,CALI
5431,train,CALI
5432,train,CALI
5433,train,CALI
5434,train,CALI
5435,train,CALI
5436,test,CALI
5437,train,CALI
5438,train,CALI
5439,test,CALI
5440,train,CALI
5441,validation,CALI
5442,train,CALI
5443,test,CALI
5444,train,CALI
5445,train,CALI
5446,test,CALI
5447,train,CALI
5448,train,CALI
5449,train,CALI
5450,train,CALI
5451,validation,CALI
5452,test,CALI
5453,train,CALI
5454,test,CALI
5455,validation,CALI
5456,train,CALI
5457,train,CALI
5458,train,CALI
5459,test,CALI
5460,train,CALI
5461,train,CALI
5462,train,CALI
5463,test,CALI
5464,validation,CALI
5465,train,CALI
5466,validation,CALI
5467,validation,CALI
5468,test,CALI
5469,train,CALI
5470,train,CALI
5471,train,CALI
5472,train,CALI
5473,train,CALI
5474,train,CALI
5475,train,CALI
5476,train,CALI
5477,test,CALI
5478,train,CALI
5479,validation,CALI
5480,train,CALI
5481,train,CALI
5482,train,CALI
5483,test,CALI
5484,validation,CALI
5485,train,CALI
5486,train,CALI
5487,validation,CALI
5488,train,CALI
5489,train,CALI
5490,train,CALI
5491,train,CALI
5492,train,CALI
5493,test,CALI
5494,test,CALI
5495,train,CALI
5496,test,CALI
5497,validation,CALI
5498,train,CALI
5499,train,CALI
5500,train,CALI
5501,validation,HOROZ
5502,train,HOROZ
5503,train,HOROZ
5504,test,HOROZ
5506,test,HOROZ
5507,train,HOROZ
5508,train,HOROZ
5510,train,HOROZ
5511,train,HOROZ
5512,train,HOROZ
5513,validation,HOROZ
5514,train,HOROZ
5515,train,HOROZ
5516,validation,HOROZ
5517,train,HOROZ
5518,validation,HOROZ
5519,validation,HOROZ
5520,train,HOROZ
5521,validation,HOROZ
5522,train,HOROZ
5523,train,HOROZ
5524,train,HOROZ
5525,train,HOROZ
5526,train,HOROZ
5527,validation,HOROZ
5528,validation,HOROZ
5529,train,HOROZ
5530,train,HOROZ
5531,train,HOROZ
5532,train,HOROZ
5533,train,HOROZ
5534,train,HOROZ
5535,train,HOROZ
5536,train,HOROZ
5537,train,HOROZ
5538,train,HOROZ
5539,validation,HOROZ
5540,train,HOROZ
5541,train,HOROZ
5542,train,HOROZ
5543,train,HOROZ
5544,test,HOROZ
5545,train,HOROZ
5546,train,HOROZ
5547,validation,HOROZ
5549,train,HOROZ
5550,train,HOROZ
5551,train,HOROZ
5552,test,HOROZ
5553,train,HOROZ
5555,train,HOROZ
5556,train,HOROZ
5557,train,HOROZ
5558,train,HOROZ
5559,test,HOROZ
5560,train,HOROZ
5561,validation,HOROZ
5562,train,HOROZ
5563,validation,HOROZ
5564,train,HOROZ
5565,train,HOROZ
5566,test,HOROZ
5567,train,HOROZ
5568,train,HOROZ
5569,train,HOROZ
5570,train,HOROZ
5571,train,HOROZ
5572,validation,HOROZ
5573,validation,HOROZ
5574,train,HOROZ
5575,validation,HOROZ
5576,train,HOROZ
5577,train,HOROZ
5578,test,HOROZ
5579,train,HOROZ
5580,train,HOROZ
5581,train,HOROZ
5582,train,HOROZ
5583,train,HOROZ
5584,test,HOROZ
5585,train,HOROZ
5586,train,HOROZ
5587,train,HOROZ
5588,train,HOROZ
5589,test,HOROZ
5590,train,HOROZ
5591,train,HOROZ
5592,validation,HOROZ
5593,train,HOROZ
5594,validation,HOROZ
5595,train,HOROZ
5596,validation,HOROZ
5597,train,HOROZ
5598,train,HOROZ
5600,validation,HOROZ
5601,train,HOROZ
5602,train,HOROZ
5603,train,HOROZ
5604,validation,HOROZ
5605,train,HOROZ
5606,test,HOROZ
5607,train,HOROZ
5608,validation,HOROZ
5609,train,HOROZ
5610,test,HOROZ
5611,train,HOROZ
5612,train,HOROZ
5613,train,HOROZ
5614,test,HOROZ
5615,train,HOROZ
5616,train,HOROZ
5617,test,HOROZ
5618,train,HOROZ
5619,train,HOROZ
5620,train,HOROZ
5621,train,HOROZ
5622,train,HOROZ
5624,train,HOROZ
5625,test,HOROZ
5626,train,HOROZ
5627,train,HOROZ
5628,validation,HOROZ
5629,train,HOROZ
5630,train,HOROZ
5632,train,HOROZ
5633,train,HOROZ
5634,test,HOROZ
5635,train,HOROZ
5636,train,HOROZ
5637,train,HOROZ
5638,train,HOROZ
5640,train,HOROZ
5641,validation,HOROZ
5642,train,HOROZ
5643,train,HOROZ
5644,train,HOROZ
5645,train,HOROZ
5646,train,HOROZ
5647,train,HOROZ
5648,test,HOROZ
5649,train,HOROZ
5650,train,HOROZ
5651,train,HOROZ
5652,train,HOROZ
5653,train,HOROZ
5654,train,HOROZ
5655,validation,HOROZ
5656,train,HOROZ
5657,train,HOROZ
5658,train,HOROZ
5660,validation,HOROZ
5661,validation,HOROZ
5662,train,HOROZ
5663,train,HOROZ
5664,train,HOROZ
5665,test,HOROZ
5666,train,HOROZ
5667,test,HOROZ
5668,train,HOROZ
5669,train,HOROZ
5670,train,HOROZ
5671,train,HOROZ
5672,train,HOROZ
5673,train,HOROZ
5674,test,HOROZ
5675,train,HOROZ
5676,test,HOROZ
5677,train,HOROZ
5678,train,HOROZ
5680,train,HOROZ
5681,train,HOROZ
5682,train,HOROZ
5684,train,HOROZ
5685,train,HOROZ
5686,train,HOROZ
5687,train,HOROZ
5688,train,HOROZ
5689,validation,HOROZ
5690,train,HOROZ
5691,train,HOROZ
5692,train,HOROZ
5693,validation,HOROZ
5694,train,HOROZ
5695,train,HOROZ
5696,train,HOROZ
5697,train,HOROZ
5698,train,HOROZ
5699,train,HOROZ
5700,test,HOROZ
5701,train,HOROZ
5702,train,HOROZ
5703,train,HOROZ
5704,train,HOROZ
5705,validation,HOROZ
5706,train,HOROZ
5707,validation,HOROZ
5708,validation,HOROZ
5709,train,HOROZ
5710,test,HOROZ
5711,train,HOROZ
5712,validation,HOROZ
5713,train,HOROZ
5714,train,HOROZ
5716,test,HOROZ
5717,train,HOROZ
5718,validation,HOROZ
5719,validation,HOROZ
5720,train,HOROZ
5722,validation,HOROZ
5723,validation,HOROZ
5724,test,HOROZ
5725,train,HOROZ
5726,train,HOROZ
5727,validation,HOROZ
5728,validation,HOROZ
5729,train,HOROZ
5730,test,HOROZ
5731,train,HOROZ
5732,validation,HOROZ
5733,train,HOROZ
5734,test,HOROZ
5735,train,HOROZ
5736,train,HOROZ
5737,train,HOROZ
5738,train,HOROZ
5739,test,HOROZ
5740,train,HOROZ
5741,train,HOROZ
5742,train,HOROZ
5743,train,HOROZ
5744,validation,HOROZ
5745,train,HOROZ
5746,train,HOROZ
5747,train,HOROZ
5748,test,HOROZ
5749,train,HOROZ
5750,validation,HOROZ
5751,train,HOROZ
5752,train,HOROZ
5753,train,HOROZ
5754,train,HOROZ
5755,train,HOROZ
5757,train,HOROZ
5758,train,HOROZ
5759,train,HOROZ
5760,train,HOROZ
5761,test,HOROZ
5762,train,HOROZ
5763,train,HOROZ
5764,train,HOROZ
5765,test,HOROZ
5766,validation,HOROZ
5767,train,HOROZ
5768,validation,HOROZ
5769,test,HOROZ
5770,test,HOROZ
5771,train,HOROZ
5772,validation,HOROZ
5773,validation,HOROZ
5774,train,HOROZ
5775,train,HOROZ
5776,test,HOROZ
5777,train,HOROZ
5778,train,HOROZ
5779,train,HOROZ
5780,train,HOROZ
5781,train,HOROZ
5782,train,HOROZ
5783,train,HOROZ
5784,train,HOROZ
5785,test,HOROZ
5786,train,HOROZ
5787,train,HOROZ
5788,train,HOROZ
5789,validation,HOROZ
5790,train,HOROZ
5791,test,HOROZ
5792,train,HOROZ
5793,train,HOROZ
5794,train,HOROZ
5795,train,HOROZ
5796,test,HOROZ
5797,validation,HOROZ
5798,validation,HOROZ
5799,validation,HOROZ
5800,train,HOROZ
5801,train,HOROZ
5802,train,HOROZ
5803,train,HOROZ
5804,train,HOROZ
5805,train,HOROZ
5806,train,HOROZ
5807,train,HOROZ
5809,test,HOROZ
5810,train,HOROZ
5811,train,HOROZ
5812,train,HOROZ
5814,train,HOROZ
5815,train,HOROZ
5816,test,HOROZ
5817,train,HOROZ
5818,train,HOROZ
5819,train,HOROZ
5820,train,HOROZ
5822,train,HOROZ
5823,train,HOROZ
5824,validation,HOROZ
5825,train,HOROZ
5826,train,HOROZ
5827,test,HOROZ
5828,train,HOROZ
5829,train,HOROZ
5830,train,HOROZ
5831,validation,HOROZ
5832,test,HOROZ
5833,train,HOROZ
5834,train,HOROZ
5835,validation,HOROZ
5836,train,HOROZ
5837,train,HOROZ
5839,train,HOROZ
5840,train,HOROZ
5841,train,HOROZ
5843,test,HOROZ
5844,validation,HOROZ
5845,test,HOROZ
5846,test,HOROZ
5847,train,HOROZ
5848,validation,HOROZ
5849,train,HOROZ
5850,train,HOROZ
5851,test,HOROZ
5852,validation,HOROZ
5853,train,HOROZ
5854,train,HOROZ
5855,validation,HOROZ
5856,train,HOROZ
5857,train,HOROZ
5858,train,HOROZ
5859,train,HOROZ
5860,train,HOROZ
5861,train,HOROZ
5862,train,HOROZ
5863,test,HOROZ
5864,train,HOROZ
5865,train,HOROZ
5866,train,HOROZ
5867,train,HOROZ
5868,train,HOROZ
5869,train,HOROZ
5870,train,HOROZ
5871,train,HOROZ
5872,validation,HOROZ
5873,train,HOROZ
5874,train,HOROZ
5875,train,HOROZ
5876,validation,HOROZ
5877,train,HOROZ
5878,train,HOROZ
5879,train,HOROZ
5880,train,HOROZ
5881,train,HOROZ
5882,train,HOROZ
5883,train,HOROZ
5884,test,HOROZ
5885,validation,HOROZ
5886,train,HOROZ
5887,validation,HOROZ
5888,train,HOROZ
5889,train,HOROZ
5890,train,HOROZ
5891,train,HOROZ
5892,test,HOROZ
5893,train,HOROZ
5894,train,HOROZ
5895,train,HOROZ
5896,validation,HOROZ
5897,train,HOROZ
5898,validation,HOROZ
5899,test,HOROZ
5900,train,HOROZ
5901,validation,HOROZ
5902,train,HOROZ
5903,train,HOROZ
5904,train,HOROZ
5905,train,HOROZ
5906,train,HOROZ
5907,train,HOROZ
5908,validation,HOROZ
5909,train,HOROZ
5910,train,HOROZ
5911,validation,HOROZ
5912,test,HOROZ
5913,test,HOROZ
5914,train,HOROZ
5915,train,HOROZ
5916,train,HOROZ
5917,train,HOROZ
5918,validation,HOROZ
5919,train,HOROZ
5920,train,HOROZ
5921,train,HOROZ
5922,validation,HOROZ
5923,validation,HOROZ
5924,train,HOROZ
5925,train,HOROZ
5926,train,HOROZ
5927,train,HOROZ
5928,validation,HOROZ
5929,train,HOROZ
5930,train,HOROZ
5931,train,HOROZ
5932,train,HOROZ
5933,validation,HOROZ
5934,train,HOROZ
5935,validation,HOROZ
5936,train,HOROZ
5937,validation,HOROZ
5938,test,HOROZ
5940,validation,HOROZ
5941,validation,HOROZ
5942,validation,HOROZ
5943,validation,HOROZ
5944,test,HOROZ
5945,train,HOROZ
5946,train,HOROZ
5947,train,HOROZ
5948,test,HOROZ
5949,validation,HOROZ
5950,train,HOROZ
5951,train,HOROZ
5952,train,HOROZ
5953,validation,HOROZ
5954,test,HOROZ
5955,train,HOROZ
5956,train,HOROZ
5957,train,HOROZ
5958,train,HOROZ
5960,train,HOROZ
5961,train,HOROZ
5962,train,HOROZ
5963,train,HOROZ
5964,train,HOROZ
5965,train,HOROZ
5966,train,HOROZ
5967,validation,HOROZ
5968,train,HOROZ
5969,train,HOROZ
5970,train,HOROZ
5971,validation,HOROZ
5972,train,HOROZ
5973,train,HOROZ
5974,test,HOROZ
5975,train,HOROZ
5976,train,HOROZ
5977,train,HOROZ
5978,train,HOROZ
5979,train,HOROZ
5980,train,HOROZ
5981,train,HOROZ
5982,validation,HOROZ
5983,train,HOROZ
5984,validation,HOROZ
5985,train,HOROZ
5986,train,HOROZ
5987,train,HOROZ
5988,train,HOROZ
5989,train,HOROZ
5990,train,HOROZ
5991,train,HOROZ
5992,train,HOROZ
5993,validation,HOROZ
5994,validation,HOROZ
5995,validation,HOROZ
5996,train,HOROZ
5997,train,HOROZ
5998,train,HOROZ
5999,validation,HOROZ
6000,validation,HOROZ
6001,train,HOROZ
6002,train,HOROZ
6003,test,HOROZ
6004,train,HOROZ
6005,train,HOROZ
6006,validation,HOROZ
6007,test,HOROZ
6008,train,HOROZ
6009,train,HOROZ
6010,train,HOROZ
6011,train,HOROZ
6012,train,HOROZ
6013,train,HOROZ
6014,train,HOROZ
6015,validation,HOROZ
6016,train,HOROZ
6017,validation,HOROZ
6018,train,HOROZ
6019,train,HOROZ
6020,train,HOROZ
6021,train,HOROZ
6022,train,HOROZ
6023,train,HOROZ
6024,test,HOROZ
6025,validation,HOROZ
6026,train,HOROZ
6027,train,HOROZ
6028,train,HOROZ
6029,train,HOROZ
6030,test,HOROZ
6031,train,HOROZ
6032,validation,HOROZ
6033,train,HOROZ
6034,train,HOROZ
6035,train,HOROZ
6036,test,HOROZ
6037,train,HOROZ
6038,train,HOROZ
6039,train,HOROZ
6040,train,HOROZ
6041,train,HOROZ
6042,train,HOROZ
6043,test,HOROZ
6044,train,HOROZ
6045,validation,HOROZ
6047,test,HOROZ
6048,train,HOROZ
6049,train,HOROZ
6050,test,HOROZ
6051,test,HOROZ
6052,validation,HOROZ
6053,train,HOROZ
6054,train,HOROZ
6055,train,HOROZ
6056,train,HOROZ
6057,train,HOROZ
6058,test,HOROZ
6059,train,HOROZ
6060,train,HOROZ
6061,train,HOROZ
6062,train,HOROZ
6063,train,HOROZ
6064,train,HOROZ
6065,train,HOROZ
6066,test,HOROZ
6067,test,HOROZ
6068,test,HOROZ
6069,validation,HOROZ
6070,train,HOROZ
6071,train,HOROZ
6072,train,HOROZ
6073,train,HOROZ
6074,test,HOROZ
6075,train,HOROZ
6076,train,HOROZ
6077,train,HOROZ
6078,test,HOROZ
6079,train,HOROZ
6080,train,HOROZ
6082,train,HOROZ
6083,validation,HOROZ
6084,test,HOROZ
6085,train,HOROZ
6086,train,HOROZ
6087,train,HOROZ
6088,train,HOROZ
6089,train,HOROZ
6090,train,HOROZ
6091,train,HOROZ
6092,train,HOROZ
6093,test,HOROZ
6094,train,HOROZ
6095,train,HOROZ
6096,test,HOROZ
6097,validation,HOROZ
6098,test,HOROZ
6099,train,HOROZ
6100,test,HOROZ
6101,train,HOROZ
6102,train,HOROZ
6103,validation,HOROZ
6104,train,HOROZ
6105,train,HOROZ
6106,train,HOROZ
6107,train,HOROZ
6108,train,HOROZ
6109,validation,HOROZ
6110,train,HOROZ
6111,test,HOROZ
6112,validation,HOROZ
6113,validation,HOROZ
6114,train,HOROZ
6115,train,HOROZ
6116,train,HOROZ
6117,validation,HOROZ
6118,train,HOROZ
6119,train,HOROZ
6120,train,HOROZ
6121,train,HOROZ
6122,train,HOROZ
6123,validation,HOROZ
6124,train,HOROZ
6125,train,HOROZ
6126,train,HOROZ
6127,test,HOROZ
6128,train,HOROZ
6129,train,HOROZ
6130,train,HOROZ
6131,train,HOROZ
6132,test,HOROZ
6133,train,HOROZ
6134,train,HOROZ
6135,validation,HOROZ
6136,train,HOROZ
6137,train,HOROZ
6138,test,HOROZ
6139,test,HOROZ
6141,train,HOROZ
6142,validation,HOROZ
6143,train,HOROZ
6144,validation,HOROZ
6145,train,HOROZ
6146,train,HOROZ
6147,train,HOROZ
6148,train,HOROZ
6149,train,HOROZ
6150,train,HOROZ
6151,train,HOROZ
6152,train,HOROZ
6153,train,HOROZ
6154,train,HOROZ
6155,train,HOROZ
6156,test,HOROZ
6157,train,HOROZ
6158,train,HOROZ
6159,test,HOROZ
6160,train,HOROZ
6161,train,HOROZ
6162,train,HOROZ
6163,validation,HOROZ
6164,train,HOROZ
6165,validation,HOROZ
6166,train,HOROZ
6167,train,HOROZ
6168,train,HOROZ
6169,train,HOROZ
6170,train,HOROZ
6171,train,HOROZ
6172,train,HOROZ
6173,train,HOROZ
6174,train,HOROZ
6175,train,HOROZ
6176,train,HOROZ
6177,train,HOROZ
6179,train,HOROZ
6180,test,HOROZ
6181,train,HOROZ
6182,test,HOROZ
6183,validation,HOROZ
6184,train,HOROZ
6185,train,HOROZ
6186,train,HOROZ
6187,train,HOROZ
6188,test,HOROZ
6189,train,HOROZ
6190,train,HOROZ
6191,train,HOROZ
6192,train,HOROZ
6193,validation,HOROZ
6194,train,HOROZ
6195,train,HOROZ
6196,test,HOROZ
6197,train,HOROZ
6198,train,HOROZ
6199,train,HOROZ
6200,train,HOROZ
6201,train,HOROZ
6202,train,HOROZ
6203,test,HOROZ
6204,validation,HOROZ
6205,train,HOROZ
6206,train,HOROZ
6207,validation,HOROZ
6208,train,HOROZ
6209,test,HOROZ
6210,train,HOROZ
6211,train,HOROZ
6212,train,HOROZ
6213,validation,HOROZ
6214,test,HOROZ
6215,train,HOROZ
6216,validation,HOROZ
6217,train,HOROZ
6218,train,HOROZ
6219,test,HOROZ
6221,train,HOROZ
6222,train,HOROZ
6223,validation,HOROZ
6224,test,HOROZ
6225,train,HOROZ
6226,train,HOROZ
6227,train,HOROZ
6228,train,HOROZ
6229,validation,HOROZ
6230,train,HOROZ
6231,train,HOROZ
6232,train,HOROZ
6233,test,HOROZ
6234,test,HOROZ
6235,train,HOROZ
6236,test,HOROZ
6237,train,HOROZ
6238,train,HOROZ
6239,validation,HOROZ
6240,train,HOROZ
6241,train,HOROZ
6242,train,HOROZ
6243,test,HOROZ
6244,validation,HOROZ
6245,train,HOROZ
6246,train,HOROZ
6247,train,HOROZ
6248,train,HOROZ
6249,validation,HOROZ
6250,train,HOROZ
6251,test,HOROZ
6252,train,HOROZ
6254,train,HOROZ
6255,validation,HOROZ
6257,train,HOROZ
6258,train,HOROZ
6259,train,HOROZ
6260,train,HOROZ
6261,train,HOROZ
6262,train,HOROZ
6263,train,HOROZ
6264,train,HOROZ
6265,train,HOROZ
6266,train,HOROZ
6267,train,HOROZ
6268,train,HOROZ
6269,validation,HOROZ
6270,train,HOROZ
6271,train,HOROZ
6272,train,HOROZ
6273,test,HOROZ
6274,validation,HOROZ
6275,train,HOROZ
6276,train,HOROZ
6277,train,HOROZ
6278,train,HOROZ
6279,train,HOROZ
6280,train,HOROZ
6281,train,HOROZ
6282,validation,HOROZ
6283,train,HOROZ
6284,validation,HOROZ
6285,train,HOROZ
6286,test,HOROZ
6287,train,HOROZ
6288,validation,HOROZ
6289,train,HOROZ
6290,train,HOROZ
6291,test,HOROZ
6292,train,HOROZ
6293,train,HOROZ
6294,train,HOROZ
6295,train,HOROZ
6296,validation,HOROZ
6297,train,HOROZ
6298,train,HOROZ
6299,train,HOROZ
6300,validation,HOROZ
6301,train,HOROZ
6302,train,HOROZ
6303,train,HOROZ
6304,train,HOROZ
6305,train,HOROZ
6306,test,HOROZ
6308,train,HOROZ
6309,test,HOROZ
6310,train,HOROZ
6311,train,HOROZ
6312,test,HOROZ
6313,train,HOROZ
6314,train,HOROZ
6315,train,HOROZ
6316,train,HOROZ
6317,validation,HOROZ
6318,train,HOROZ
6319,train,HOROZ
6320,train,HOROZ
6321,validation,HOROZ
6322,train,HOROZ
6323,train,HOROZ
6324,test,HOROZ
6325,train,HOROZ
6327,train,HOROZ
6328,validation,HOROZ
6329,train,HOROZ
6330,train,HOROZ
6331,train,HOROZ
6332,train,HOROZ
6333,validation,HOROZ
6334,test,HOROZ
6335,train,HOROZ
6336,train,HOROZ
6337,train,HOROZ
6338,train,HOROZ
6339,test,HOROZ
6340,test,HOROZ
6341,train,HOROZ
6342,train,HOROZ
6343,train,HOROZ
6344,test,HOROZ
6345,train,HOROZ
6346,validation,HOROZ
6347,test,HOROZ
6348,train,HOROZ
6349,train,HOROZ
6350,test,HOROZ
6351,test,HOROZ
6352,test,HOROZ
6353,train,HOROZ
6354,train,HOROZ
6355,train,HOROZ
6356,train,HOROZ
6357,train,HOROZ
6358,train,HOROZ
6359,train,HOROZ
6360,train,HOROZ
6361,train,HOROZ
6362,train,HOROZ
6363,test,HOROZ
6364,train,HOROZ
6365,train,HOROZ
6366,test,HOROZ
6367,test,HOROZ
6368,train,HOROZ
6369,train,HOROZ
6370,train,HOROZ
6371,train,HOROZ
6372,train,HOROZ
6373,train,HOROZ
6374,train,HOROZ
6375,validation,HOROZ
6376,train,HOROZ
6377,train,HOROZ
6378,test,HOROZ
6379,test,HOROZ
6380,train,HOROZ
6381,train,HOROZ
6382,train,HOROZ
6383,train,HOROZ
6384,validation,HOROZ
6385,train,HOROZ
6386,test,HOROZ
6387,train,HOROZ
6388,train,HOROZ
6389,validation,HOROZ
6390,train,HOROZ
6391,train,HOROZ
6392,validation,HOROZ
6393,validation,HOROZ
6394,test,HOROZ
6395,train,HOROZ
6396,test,HOROZ
6397,train,HOROZ
6398,test,HOROZ
6399,validation,HOROZ
6400,train,HOROZ
6401,train,HOROZ
6402,train,HOROZ
6403,train,HOROZ
6404,test,HOROZ
6405,train,HOROZ
6406,train,HOROZ
6407,train,HOROZ
6408,test,HOROZ
6409,train,HOROZ
6410,train,HOROZ
6411,validation,HOROZ
6412,train,HOROZ
6413,train,HOROZ
6414,train,HOROZ
6415,train,HOROZ
6416,train,HOROZ
6417,train,HOROZ
6418,train,HOROZ
6419,train,HOROZ
6420,train,HOROZ
6421,validation,HOROZ
6422,validation,HOROZ
6423,validation,HOROZ
6425,train,HOROZ
6426,train,HOROZ
6427,train,HOROZ
6428,validation,HOROZ
6429,validation,HOROZ
6430,train,HOROZ
6431,validation,HOROZ
6432,train,HOROZ
6433,train,HOROZ
6434,train,HOROZ
6435,train,HOROZ
6436,train,HOROZ
6437,train,HOROZ
6438,train,HOROZ
6439,test,HOROZ
6440,train,HOROZ
6441,train,HOROZ
6443,test,HOROZ
6444,train,HOROZ
6445,train,HOROZ
6446,train,HOROZ
6447,validation,HOROZ
6448,test,HOROZ
6449,test,HOROZ
6450,train,HOROZ
6452,validation,HOROZ
6453,validation,HOROZ
6454,train,HOROZ
6455,train,HOROZ
6456,train,HOROZ
6457,test,HOROZ
6458,train,HOROZ
6459,validation,HOROZ
6460,test,HOROZ
6461,train,HOROZ
6462,train,HOROZ
6463,train,HOROZ
6464,train,HOROZ
6465,validation,HOROZ
6466,train,HOROZ
6467,train,HOROZ
6468,train,HOROZ
6469,test,HOROZ
6470,train,HOROZ
6471,train,HOROZ
6472,test,HOROZ
6473,train,HOROZ
6474,train,HOROZ
6475,train,HOROZ
6476,test,HOROZ
6477,train,HOROZ
6478,train,HOROZ
6479,train,HOROZ
6481,train,HOROZ
6482,train,HOROZ
6483,train,HOROZ
6484,test,HOROZ
6485,train,HOROZ
6486,train,HOROZ
6487,train,HOROZ
6488,validation,HOROZ
6489,validation,HOROZ
6490,train,HOROZ
6491,validation,HOROZ
6492,test,HOROZ
6493,train,HOROZ
6494,test,HOROZ
6495,train,HOROZ
6496,train,HOROZ
6497,test,HOROZ
6498,train,HOROZ
6499,train,HOROZ
6500,train,HOROZ
6501,train,HOROZ
6502,train,HOROZ
6503,test,HOROZ
6504,train,HOROZ
6505,validation,HOROZ
6506,validation,HOROZ
6507,test,HOROZ
6508,train,HOROZ
6509,train,HOROZ
6511,train,HOROZ
6512,train,HOROZ
6513,train,HOROZ
6514,train,HOROZ
6516,train,HOROZ
6517,train,HOROZ
6518,test,HOROZ
6519,validation,HOROZ
6520,train,HOROZ
6521,train,HOROZ
6522,test,HOROZ
6523,train,HOROZ
6524,train,HOROZ
6525,validation,HOROZ
6526,test,HOROZ
6527,validation,HOROZ
6528,test,HOROZ
6529,train,HOROZ
6530,train,HOROZ
6531,train,HOROZ
6532,train,HOROZ
6533,test,HOROZ
6534,validation,HOROZ
6535,train,HOROZ
6536,train,HOROZ
6537,train,HOROZ
6538,train,HOROZ
6539,train,HOROZ
6540,test,HOROZ
6541,train,HOROZ
6542,train,HOROZ
6543,train,HOROZ
6544,test,HOROZ
6545,validation,HOROZ
6546,test,HOROZ
6547,train,HOROZ
6548,train,HOROZ
6549,train,HOROZ
6550,test,HOROZ
6551,train,HOROZ
6552,test,HOROZ
6553,test,HOROZ
6554,train,HOROZ
6555,train,HOROZ
6556,train,HOROZ
6557,train,HOROZ
6558,train,HOROZ
6559,train,HOROZ
6560,train,HOROZ
6561,train,HOROZ
6562,train,HOROZ
6563,train,HOROZ
6564,test,HOROZ
6565,train,HOROZ
6566,train,HOROZ
6567,test,HOROZ
6568,train,HOROZ
6569,train,HOROZ
6570,train,HOROZ
6571,train,HOROZ
6572,train,HOROZ
6573,validation,HOROZ
6574,train,HOROZ
6575,train,HOROZ
6576,train,HOROZ
6577,validation,HOROZ
6578,train,HOROZ
6579,test,HOROZ
6580,train,HOROZ
6581,train,HOROZ
6583,train,HOROZ
6584,train,HOROZ
6585,train,HOROZ
6586,train,HOROZ
6587,train,HOROZ
6588,validation,HOROZ
6589,validation,HOROZ
6590,train,HOROZ
6591,validation,HOROZ
6592,train,HOROZ
6593,train,HOROZ
6594,train,HOROZ
6595,train,HOROZ
6596,train,HOROZ
6597,train,HOROZ
6599,train,HOROZ
6600,validation,HOROZ
6601,train,HOROZ
6602,validation,HOROZ
6603,train,HOROZ
6604,validation,HOROZ
6605,train,HOROZ
6606,test,HOROZ
6607,train,HOROZ
6608,train,HOROZ
6610,validation,HOROZ
6611,train,HOROZ
6612,train,HOROZ
6613,train,HOROZ
6614,validation,HOROZ
6615,validation,HOROZ
6616,train,HOROZ
6617,train,HOROZ
6618,train,HOROZ
6619,test,HOROZ
6620,test,HOROZ
6621,test,HOROZ
6622,train,HOROZ
6623,train,HOROZ
6624,train,HOROZ
6625,train,HOROZ
6626,validation,HOROZ
6627,train,HOROZ
6628,train,HOROZ
6629,train,HOROZ
6630,train,HOROZ
6632,train,HOROZ
6633,validation,HOROZ
6634,train,HOROZ
6635,test,HOROZ
6636,train,HOROZ
6637,train,HOROZ
6638,train,HOROZ
6639,validation,HOROZ
6640,validation,HOROZ
6641,train,HOROZ
6642,test,HOROZ
6643,train,HOROZ
6644,validation,HOROZ
6645,test,HOROZ
6646,test,HOROZ
6647,train,HOROZ
6648,test,HOROZ
6649,train,HOROZ
6650,train,HOROZ
6651,train,HOROZ
6652,test,HOROZ
6653,train,HOROZ
6654,validation,HOROZ
6655,train,HOROZ
6656,train,HOROZ
6657,test,HOROZ
6658,train,HOROZ
6659,train,HOROZ
6660,test,HOROZ
6661,train,HOROZ
6662,train,HOROZ
6663,train,HOROZ
6664,train,HOROZ
6665,validation,HOROZ
6666,train,HOROZ
6667,train,HOROZ
6668,train,HOROZ
6669,validation,HOROZ
6670,train,HOROZ
6671,train,HOROZ
6672,validation,HOROZ
6673,train,HOROZ
6674,train,HOROZ
6675,train,HOROZ
6676,train,HOROZ
6677,train,HOROZ
6678,validation,HOROZ
6679,train,HOROZ
6680,train,HOROZ
6681,test,HOROZ
6682,test,HOROZ
6683,train,HOROZ
6684,train,HOROZ
6685,train,HOROZ
6686,train,HOROZ
6687,train,HOROZ
6688,train,HOROZ
6689,train,HOROZ
6691,train,HOROZ
6692,train,HOROZ
6693,validation,HOROZ
6694,train,HOROZ
6695,train,HOROZ
6696,train,HOROZ
6697,validation,HOROZ
6698,train,HOROZ
6699,train,HOROZ
6700,validation,HOROZ
6701,train,HOROZ
6702,train,HOROZ
6703,validation,HOROZ
6704,train,HOROZ
6705,train,HOROZ
6706,train,HOROZ
6707,train,HOROZ
6708,validation,HOROZ
6709,test,HOROZ
6710,test,HOROZ
6711,test,HOROZ
6712,train,HOROZ
6713,train,HOROZ
6714,train,HOROZ
6715,test,HOROZ
6716,validation,HOROZ
6717,train,HOROZ
6718,validation,HOROZ
6719,train,HOROZ
6720,train,HOROZ
6721,train,HOROZ
6722,train,HOROZ
6723,train,HOROZ
6724,test,HOROZ
6725,train,HOROZ
6726,validation,HOROZ
6727,test,HOROZ
6728,train,HOROZ
6729,train,HOROZ
6730,train,HOROZ
6731,train,HOROZ
6732,validation,HOROZ
6733,test,HOROZ
6734,test,HOROZ
6735,validation,HOROZ
6736,validation,HOROZ
6737,train,HOROZ
6738,train,HOROZ
6739,train,HOROZ
6740,train,HOROZ
6741,train,HOROZ
6742,train,HOROZ
6743,test,HOROZ
6744,test,HOROZ
6745,train,HOROZ
6746,test,HOROZ
6747,test,HOROZ
6748,train,HOROZ
6749,test,HOROZ
6751,train,HOROZ
6752,train,HOROZ
6753,train,HOROZ
6754,validation,HOROZ
6755,train,HOROZ
6756,train,HOROZ
6757,train,HOROZ
6758,train,HOROZ
6759,validation,HOROZ
6760,train,HOROZ
6761,train,HOROZ
6762,test,HOROZ
6764,train,HOROZ
6765,validation,HOROZ
6766,train,HOROZ
6767,validation,HOROZ
6768,train,HOROZ
6769,train,HOROZ
6770,train,HOROZ
6771,test,HOROZ
6772,train,HOROZ
6773,train,HOROZ
6774,validation,HOROZ
6775,train,HOROZ
6776,train,HOROZ
6777,test,HOROZ
6779,test,HOROZ
6780,train,HOROZ
6781,train,HOROZ
6782,test,HOROZ
6783,train,HOROZ
6784,train,HOROZ
6785,train,HOROZ
6786,train,HOROZ
6787,train,HOROZ
6789,train,HOROZ
6790,test,HOROZ
6791,train,HOROZ
6792,train,HOROZ
6793,train,HOROZ
6794,train,HOROZ
6795,validation,HOROZ
6796,test,HOROZ
6797,train,HOROZ
6798,train,HOROZ
6799,train,HOROZ
6800,test,HOROZ
6801,train,HOROZ
6802,train,HOROZ
6804,train,HOROZ
6805,train,HOROZ
6806,train,HOROZ
6807,validation,HOROZ
6808,test,HOROZ
6809,test,HOROZ
6810,train,HOROZ
6811,train,HOROZ
6812,train,HOROZ
6813,train,HOROZ
6814,train,HOROZ
6815,train,HOROZ
6816,validation,HOROZ
6817,train,HOROZ
6818,train,HOROZ
6819,train,HOROZ
6820,validation,HOROZ
6821,test,HOROZ
6822,validation,HOROZ
6823,train,HOROZ
6824,train,HOROZ
6825,validation,HOROZ
6826,train,HOROZ
6827,train,HOROZ
6828,validation,HOROZ
6829,validation,HOROZ
6830,train,HOROZ
6831,train,HOROZ
6832,train,HOROZ
6833,train,HOROZ
6834,train,HOROZ
6835,validation,HOROZ
6836,test,HOROZ
6837,train,HOROZ
6838,train,HOROZ
6839,test,HOROZ
6840,train,HOROZ
6841,train,HOROZ
6842,train,HOROZ
6843,train,HOROZ
6844,train,HOROZ
6845,test,HOROZ
6846,train,HOROZ
6847,train,HOROZ
6848,train,HOROZ
6849,validation,HOROZ
6850,train,HOROZ
6851,validation,HOROZ
6852,train,HOROZ
6853,train,HOROZ
6854,train,HOROZ
6855,train,HOROZ
6856,train,HOROZ
6857,train,HOROZ
6858,validation,HOROZ
6859,train,HOROZ
6860,train,HOROZ
6861,train,HOROZ
6862,train,HOROZ
6863,train,HOROZ
6864,train,HOROZ
6865,train,HOROZ
6866,validation,HOROZ
6867,test,HOROZ
6868,train,HOROZ
6869,train,HOROZ
6870,test,HOROZ
6871,train,HOROZ
6872,train,HOROZ
6873,train,HOROZ
6874,train,HOROZ
6875,train,HOROZ
6876,test,HOROZ
6877,test,HOROZ
6878,train,HOROZ
6879,test,HOROZ
6880,test,HOROZ
6881,validation,HOROZ
6882,test,HOROZ
6883,train,HOROZ
6884,train,HOROZ
6885,train,HOROZ
6886,train,HOROZ
6887,train,HOROZ
6888,train,HOROZ
6889,train,HOROZ
6890,train,HOROZ
6892,test,HOROZ
6893,validation,HOROZ
6894,validation,HOROZ
6895,train,HOROZ
6896,train,HOROZ
6897,train,HOROZ
6898,train,HOROZ
6899,train,HOROZ
6900,train,HOROZ
6901,test,HOROZ
6902,train,HOROZ
6903,train,HOROZ
6904,train,HOROZ
6905,train,HOROZ
6906,test,HOROZ
6907,validation,HOROZ
6908,train,HOROZ
6909,train,HOROZ
6910,validation,HOROZ
6911,train,HOROZ
6912,train,HOROZ
6913,train,HOROZ
6914,train,HOROZ
6915,train,HOROZ
6916,train,HOROZ
6917,train,HOROZ
6918,train,HOROZ
6919,train,HOROZ
6920,train,HOROZ
6921,train,HOROZ
6922,train,HOROZ
6923,train,HOROZ
6924,train,HOROZ
6925,train,HOROZ
6926,validation,HOROZ
6927,train,HOROZ
6928,train,HOROZ
6929,validation,HOROZ
6930,train,HOROZ
6931,train,HOROZ
6932,train,HOROZ
6933,test,HOROZ
6934,train,HOROZ
6935,test,HOROZ
6936,validation,HOROZ
6937,train,HOROZ
6938,test,HOROZ
6939,test,HOROZ
6940,validation,HOROZ
6941,train,HOROZ
6942,test,HOROZ
6943,validation,HOROZ
6944,validation,HOROZ
6945,train,HOROZ
6946,train,HOROZ
6947,train,HOROZ
6948,train,HOROZ
6949,test,HOROZ
6950,train,HOROZ
6951,train,HOROZ
6952,train,HOROZ
6953,train,HOROZ
6954,train,HOROZ
6955,validation,HOROZ
6956,train,HOROZ
6957,train,HOROZ
6958,validation,HOROZ
6959,test,HOROZ
6960,train,HOROZ
6961,train,HOROZ
6962,train,HOROZ
6963,train,HOROZ
6964,train,HOROZ
6965,train,HOROZ
6966,train,HOROZ
6967,test,HOROZ
6968,validation,HOROZ
6969,train,HOROZ
6970,train,HOROZ
6972,train,HOROZ
6973,train,HOROZ
6974,validation,HOROZ
6975,train,HOROZ
6976,train,HOROZ
6977,test,HOROZ
6978,train,HOROZ
6979,train,HOROZ
6980,train,HOROZ
6981,test,HOROZ
6982,test,HOROZ
6984,train,HOROZ
6985,validation,HOROZ
6986,train,HOROZ
6987,validation,HOROZ
6988,validation,HOROZ
6989,train,HOROZ
6990,train,HOROZ
6991,validation,HOROZ
6992,train,HOROZ
6993,test,HOROZ
6994,train,HOROZ
6995,train,HOROZ
6996,train,HOROZ
6997,train,HOROZ
6998,test,HOROZ
6999,validation,HOROZ
7000,train,HOROZ
7001,train,HOROZ
7002,train,HOROZ
7003,train,HOROZ
7004,train,HOROZ
7005,train,HOROZ
7006,train,HOROZ
7007,train,HOROZ
7008,train,HOROZ
7009,test,HOROZ
7010,train,HOROZ
7012,train,HOROZ
7013,train,HOROZ
7014,train,HOROZ
7015,train,HOROZ
7016,train,HOROZ
7017,train,HOROZ
7018,test,HOROZ
7019,validation,HOROZ
7020,test,HOROZ
7021,train,HOROZ
7022,train,HOROZ
7023,train,HOROZ
7024,train,HOROZ
7025,train,HOROZ
7026,test,HOROZ
7027,train,HOROZ
7029,train,HOROZ
7030,test,HOROZ
7031,train,HOROZ
7032,train,HOROZ
7034,train,HOROZ
7035,test,HOROZ
7036,train,HOROZ
7037,validation,HOROZ
7038,train,HOROZ
7039,train,HOROZ
7040,validation,HOROZ
7041,train,HOROZ
7042,train,HOROZ
7043,train,HOROZ
7044,validation,HOROZ
7045,validation,HOROZ
7046,train,HOROZ
7047,train,HOROZ
7048,train,HOROZ
7049,train,HOROZ
7050,train,HOROZ
7051,train,HOROZ
7052,validation,HOROZ
7053,validation,HOROZ
7054,train,HOROZ
7055,test,HOROZ
7056,train,HOROZ
7057,train,HOROZ
7058,train,HOROZ
7059,test,HOROZ
7060,test,HOROZ
7061,train,HOROZ
7062,train,HOROZ
7063,test,HOROZ
7064,train,HOROZ
7065,train,HOROZ
7066,train,HOROZ
7068,train,HOROZ
7069,train,HOROZ
7070,train,HOROZ
7071,train,HOROZ
7072,train,HOROZ
7073,train,HOROZ
7074,train,HOROZ
7075,train,HOROZ
7076,train,HOROZ
7077,train,HOROZ
7078,train,HOROZ
7079,train,HOROZ
7080,train,HOROZ
7081,train,HOROZ
7082,train,HOROZ
7083,train,HOROZ
7084,validation,HOROZ
7085,train,HOROZ
7086,train,HOROZ
7087,validation,HOROZ
7088,train,HOROZ
7089,train,HOROZ
7090,test,HOROZ
7091,train,HOROZ
7092,train,HOROZ
7093,train,HOROZ
7094,test,HOROZ
7096,train,HOROZ
7097,train,HOROZ
7098,train,HOROZ
7099,validation,HOROZ
7100,validation,HOROZ
7101,train,HOROZ
7102,train,HOROZ
7103,test,HOROZ
7104,train,HOROZ
7105,train,HOROZ
7106,train,HOROZ
7107,train,HOROZ
7108,test,HOROZ
7109,train,HOROZ
7110,test,HOROZ
7111,train,HOROZ
7112,train,HOROZ
7114,train,HOROZ
7115,train,HOROZ
7116,test,HOROZ
7117,test,HOROZ
7118,test,HOROZ
7119,validation,HOROZ
7120,test,HOROZ
7121,train,HOROZ
7122,train,HOROZ
7124,train,HOROZ
7125,train,HOROZ
7126,test,HOROZ
7127,train,HOROZ
7128,train,HOROZ
7129,train,HOROZ
7130,test,HOROZ
7131,validation,HOROZ
7132,train,HOROZ
7133,train,HOROZ
7134,train,HOROZ
7135,train,HOROZ
7137,train,HOROZ
7138,train,HOROZ
7139,validation,HOROZ
7140,train,HOROZ
7141,train,HOROZ
7142,test,HOROZ
7143,train,HOROZ
7145,train,HOROZ
7146,validation,HOROZ
7147,train,HOROZ
7148,train,HOROZ
7149,train,HOROZ
7150,test,HOROZ
7151,train,HOROZ
7152,train,HOROZ
7153,train,HOROZ
7154,train,HOROZ
7155,train,HOROZ
7156,train,HOROZ
7157,train,HOROZ
7158,train,HOROZ
7159,test,HOROZ
7160,train,HOROZ
7161,train,HOROZ
7162,test,HOROZ
7163,train,HOROZ
7164,test,HOROZ
7165,train,HOROZ
7166,validation,HOROZ
7167,test,HOROZ
7168,test,HOROZ
7169,train,HOROZ
7170,validation,HOROZ
7171,train,HOROZ
7173,train,HOROZ
7174,train,HOROZ
7175,test,HOROZ
7176,validation,HOROZ
7177,train,HOROZ
7178,test,HOROZ
7179,train,HOROZ
7181,train,HOROZ
7182,train,HOROZ
7183,test,HOROZ
7184,train,HOROZ
7185,test,HOROZ
7186,validation,HOROZ
7187,train,HOROZ
7188,train,HOROZ
7189,train,HOROZ
7190,validation,HOROZ
7191,test,HOROZ
7192,train,HOROZ
7193,train,HOROZ
7194,test,HOROZ
7196,train,HOROZ
7197,train,HOROZ
7198,train,HOROZ
7199,train,HOROZ
7200,train,HOROZ
7201,train,HOROZ
7202,train,HOROZ
7203,train,HOROZ
7204,train,HOROZ
7205,validation,HOROZ
7206,validation,HOROZ
7207,train,HOROZ
7209,validation,HOROZ
7210,train,HOROZ
7211,train,HOROZ
7212,train,HOROZ
7213,train,HOROZ
7214,validation,HOROZ
7215,train,HOROZ
7216,train,HOROZ
7217,train,HOROZ
7218,train,HOROZ
7219,test,HOROZ
7220,train,HOROZ
7221,train,HOROZ
7222,train,HOROZ
7223,train,HOROZ
7224,train,HOROZ
7225,train,HOROZ
7226,train,HOROZ
7227,validation,HOROZ
7228,train,HOROZ
7229,train,HOROZ
7230,train,HOROZ
7231,train,HOROZ
7232,train,HOROZ
7233,validation,HOROZ
7235,test,HOROZ
7236,train,HOROZ
7237,train,HOROZ
7238,train,HOROZ
7239,train,HOROZ
7240,train,HOROZ
7241,train,HOROZ
7242,train,HOROZ
7243,train,HOROZ
7244,test,HOROZ
7245,train,HOROZ
7246,train,HOROZ
7247,train,HOROZ
7248,train,HOROZ
7249,train,HOROZ
7250,test,HOROZ
7251,train,HOROZ
7252,train,HOROZ
7253,test,HOROZ
7254,train,HOROZ
7255,train,HOROZ
7256,train,HOROZ
7257,train,HOROZ
7258,train,HOROZ
7259,train,HOROZ
7260,train,HOROZ
7261,train,HOROZ
7262,test,HOROZ
7264,train,HOROZ
7265,train,HOROZ
7266,test,HOROZ
7267,train,HOROZ
7268,validation,HOROZ
7269,train,HOROZ
7270,train,HOROZ
7271,validation,HOROZ
7272,train,HOROZ
7273,test,HOROZ
7274,train,HOROZ
7275,train,HOROZ
7276,validation,HOROZ
7277,train,HOROZ
7279,train,HOROZ
7280,train,HOROZ
7281,train,HOROZ
7282,validation,HOROZ
7283,test,HOROZ
7284,train,HOROZ
7286,train,HOROZ
7287,train,HOROZ
7288,train,HOROZ
7289,train,HOROZ
7290,validation,HOROZ
7291,validation,HOROZ
7292,validation,HOROZ
7293,train,HOROZ
7294,train,HOROZ
7295,train,HOROZ
7296,train,HOROZ
7297,train,HOROZ
7298,train,HOROZ
7299,train,HOROZ
7300,train,HOROZ
7301,validation,HOROZ
7302,train,HOROZ
7303,train,HOROZ
7304,train,HOROZ
7305,validation,HOROZ
7306,train,HOROZ
7307,train,HOROZ
7308,train,HOROZ
7309,train,HOROZ
7310,test,HOROZ
7311,train,HOROZ
7312,train,HOROZ
7313,train,HOROZ
7314,train,HOROZ
7315,train,HOROZ
7316,train,HOROZ
7317,train,HOROZ
7318,validation,HOROZ
7319,train,HOROZ
7320,train,HOROZ
7321,test,HOROZ
7322,train,HOROZ
7323,train,HOROZ
7324,train,HOROZ
7325,test,HOROZ
7326,train,HOROZ
7327,validation,HOROZ
7328,train,HOROZ
7329,test,HOROZ
7330,validation,HOROZ
7331,train,HOROZ
7332,train,HOROZ
7333,test,HOROZ
7334,train,HOROZ
7335,train,HOROZ
7336,train,HOROZ
7337,train,HOROZ
7338,train,HOROZ
7339,train,HOROZ
7341,train,HOROZ
7343,validation,HOROZ
7344,test,HOROZ
7345,train,HOROZ
7346,train,HOROZ
7347,test,HOROZ
7348,train,HOROZ
7349,train,HOROZ
7350,train,HOROZ
7351,train,HOROZ
7352,validation,HOROZ
7353,train,HOROZ
7354,train,HOROZ
7355,validation,HOROZ
7356,train,HOROZ
7357,train,HOROZ
7358,train,HOROZ
7359,train,HOROZ
7360,train,HOROZ
7361,train,HOROZ
7362,train,HOROZ
7363,train,HOROZ
7364,train,HOROZ
7365,train,HOROZ
7366,train,HOROZ
7367,train,HOROZ
7368,validation,HOROZ
7369,train,HOROZ
7370,train,HOROZ
7371,train,HOROZ
7372,train,HOROZ
7373,train,HOROZ
7374,test,HOROZ
7375,train,HOROZ
7376,train,HOROZ
7377,train,HOROZ
7378,validation,HOROZ
7379,test,HOROZ
7380,train,HOROZ
7381,validation,HOROZ
7382,train,HOROZ
7383,train,HOROZ
7384,train,HOROZ
7385,test,HOROZ
7386,test,HOROZ
7387,test,HOROZ
7388,train,HOROZ
7389,validation,HOROZ
7390,validation,HOROZ
7391,validation,HOROZ
7392,train,HOROZ
7393,train,HOROZ
7394,train,HOROZ
7395,test,HOROZ
7396,train,HOROZ
7397,train,HOROZ
7398,test,HOROZ
7399,train,HOROZ
7400,test,HOROZ
7401,train,HOROZ
7402,train,HOROZ
7403,test,HOROZ
7404,train,HOROZ
7405,train,HOROZ
7406,train,HOROZ
7407,train,HOROZ
7408,test,HOROZ
7409,validation,HOROZ
7410,train,HOROZ
7411,test,HOROZ
7412,train,HOROZ
7413,validation,HOROZ
7414,train,HOROZ
7415,train,HOROZ
7416,test,HOROZ
7417,train,HOROZ
7418,train,HOROZ
7419,train,HOROZ
7420,train,HOROZ
7421,train,HOROZ
7422,train,HOROZ
7423,test,HOROZ
7424,train,HOROZ
7425,train,HOROZ
7426,train,HOROZ
7427,test,HOROZ
7428,train,HOROZ
7429,train,SIRA
7430,train,SIRA
7431,train,SIRA
7432,train,SIRA
7433,validation,SIRA
7434,train,SIRA
7435,train,SIRA
7436,test,SIRA
7437,train,SIRA
7438,train,SIRA
7439,test,SIRA
7440,validation,SIRA
7441,train,SIRA
7442,test,SIRA
7443,train,SIRA
7444,train,SIRA
7445,train,SIRA
7446,train,SIRA
7447,test,SIRA
7448,train,SIRA
7449,train,SIRA
7450,train,SIRA
7451,train,SIRA
7452,train,SIRA
7453,train,SIRA
7454,validation,SIRA
7455,train,SIRA
7456,train,SIRA
7457,train,SIRA
7458,train,SIRA
7459,train,SIRA
7460,test,SIRA
7461,train,SIRA
7462,train,SIRA
7463,train,SIRA
7464,train,SIRA
7465,test,SIRA
7466,train,SIRA
7467,train,SIRA
7468,test,SIRA
7469,train,SIRA
7470,train,SIRA
7471,train,SIRA
7472,train,SIRA
7473,train,SIRA
7474,train,SIRA
7475,train,SIRA
7476,train,SIRA
7477,train,SIRA
7478,train,SIRA
7479,train,SIRA
7480,train,SIRA
7481,train,SIRA
7482,test,SIRA
7483,test,SIRA
7484,train,SIRA
7485,train,SIRA
7486,train,SIRA
7487,test,SIRA
7488,train,SIRA
7489,test,SIRA
7490,test,SIRA
7491,train,SIRA
7492,train,SIRA
7493,train,SIRA
7494,validation,SIRA
7495,train,SIRA
7496,train,SIRA
7497,train,SIRA
7498,train,SIRA
7499,train,SIRA
7500,test,SIRA
7501,train,SIRA
7502,validation,SIRA
7503,train,SIRA
7504,train,SIRA
7505,test,SIRA
7506,train,SIRA
7507,train,SIRA
7508,train,SIRA
7509,validation,SIRA
7510,test,SIRA
7511,train,SIRA
7512,train,SIRA
7513,train,SIRA
7514,test,SIRA
7515,train,SIRA
7516,test,SIRA
7517,train,SIRA
7518,train,SIRA
7519,train,SIRA
7520,validation,SIRA
7521,validation,SIRA
7522,train,SIRA
7523,validation,SIRA
7524,train,SIRA
7525,validation,SIRA
7526,train,SIRA
7527,test,SIRA
7528,train,SIRA
7529,train,SIRA
7530,train,SIRA
7531,train,SIRA
7532,train,SIRA
7533,train,SIRA
7534,train,SIRA
7535,train,SIRA
7536,test,SIRA
7537,train,SIRA
7538,train,SIRA
7539,train,SIRA
7540,train,SIRA
7541,train,SIRA
7542,train,SIRA
7543,test,SIRA
7544,train,SIRA
7545,train,SIRA
7546,train,SIRA
7547,train,SIRA
7548,train,SIRA
7549,validation,SIRA
7550,train,SIRA
7551,train,SIRA
7552,train,SIRA
7553,train,SIRA
7554,train,SIRA
7555,validation,SIRA
7556,test,SIRA
7557,train,SIRA
7558,train,SIRA
7559,validation,SIRA
7560,train,SIRA
7561,test,SIRA
7562,train,SIRA
7563,test,SIRA
7564,train,SIRA
7565,validation,SIRA
7566,train,SIRA
7567,test,SIRA
7568,train,SIRA
7569,train,SIRA
7570,train,SIRA
7571,train,SIRA
7572,train,SIRA
7573,validation,SIRA
7574,test,SIRA
7575,train,SIRA
7576,train,SIRA
7577,validation,SIRA
7578,train,SIRA
7579,train,SIRA
7580,train,SIRA
7581,train,SIRA
7582,train,SIRA
7583,test,SIRA
7584,train,SIRA
7585,validation,SIRA
7586,test,SIRA
7587,train,SIRA
7588,train,SIRA
7589,train,SIRA
7590,train,SIRA
7591,validation,SIRA
7592,train,SIRA
7593,train,SIRA
7594,test,SIRA
7595,validation,SIRA
7596,train,SIRA
7597,train,SIRA
7598,train,SIRA
7599,train,SIRA
7600,test,SIRA
7601,train,SIRA
7602,train,SIRA
7603,validation,SIRA
7604,test,SIRA
7605,train,SIRA
7606,train,SIRA
7607,validation,SIRA
7608,train,SIRA
7609,validation,SIRA
7610,train,SIRA
7611,train,SIRA
7612,train,SIRA
7613,train,SIRA
7614,train,SIRA
7615,train,SIRA
7616,train,SIRA
7617,train,SIRA
7618,validation,SIRA
7619,train,SIRA
7620,train,SIRA
7621,train,SIRA
7622,train,SIRA
7623,validation,SIRA
7624,train,SIRA
7625,validation,SIRA
7626,train,SIRA
7627,train,SIRA
7628,train,SIRA
7629,train,SIRA
7630,validation,SIRA
7631,train,SIRA
7632,train,SIRA
7633,train,SIRA
7634,train,SIRA
7635,validation,SIRA
7636,validation,SIRA
7637,train,SIRA
7638,train,SIRA
7639,test,SIRA
7640,train,SIRA
7641,train,SIRA
7642,train,SIRA
7643,test,SIRA
7644,train,SIRA
7645,train,SIRA
7646,train,SIRA
7647,train,SIRA
7648,train,SIRA
7649,validation,SIRA
7650,train,SIRA
7651,train,SIRA
7652,train,SIRA
7653,train,SIRA
7654,train,SIRA
7655,test,SIRA
7656,validation,SIRA
7657,validation,SIRA
7658,train,SIRA
7659,validation,SIRA
7660,test,SIRA
7661,train,SIRA
7662,validation,SIRA
7663,test,SIRA
7664,train,SIRA
7665,train,SIRA
7666,test,SIRA
7667,train,SIRA
7668,train,SIRA
7669,train,SIRA
7670,train,SIRA
7671,validation,SIRA
7672,validation,SIRA
7673,test,SIRA
7674,train,SIRA
7675,validation,SIRA
7676,train,SIRA
7677,train,SIRA
7678,train,SIRA
7679,train,SIRA
7680,train,SIRA
7681,train,SIRA
7682,test,SIRA
7683,validation,SIRA
7684,test,SIRA
7685,test,SIRA
7686,train,SIRA
7687,test,SIRA
7688,train,SIRA
7689,train,SIRA
7690,train,SIRA
7691,train,SIRA
7692,train,SIRA
7693,validation,SIRA
7694,test,SIRA
7695,train,SIRA
7696,validation,SIRA
7697,train,SIRA
7698,train,SIRA
7699,test,SIRA
7700,train,SIRA
7701,test,SIRA
7702,train,SIRA
7703,train,SIRA
7704,test,SIRA
7705,train,SIRA
7706,validation,SIRA
7707,validation,SIRA
7708,validation,SIRA
7709,train,SIRA
7710,test,SIRA
7711,train,SIRA
7712,train,SIRA
7713,train,SIRA
7714,train,SIRA
7715,train,SIRA
7716,train,SIRA
7717,train,SIRA
7718,train,SIRA
7719,train,SIRA
7720,validation,SIRA
7721,train,SIRA
7722,train,SIRA
7723,train,SIRA
7724,train,SIRA
7725,validation,SIRA
7726,train,SIRA
7727,test,SIRA
7728,validation,SIRA
7729,train,SIRA
7730,train,SIRA
7731,validation,SIRA
7732,validation,SIRA
7733,train,SIRA
7734,train,SIRA
7735,validation,SIRA
7736,test,SIRA
7737,validation,SIRA
7738,train,SIRA
7739,test,SIRA
7740,train,SIRA
7741,test,SIRA
7742,train,SIRA
7743,train,SIRA
7744,train,SIRA
7745,train,SIRA
7746,train,SIRA
7747,validation,SIRA
7748,test,SIRA
7749,train,SIRA
7750,train,SIRA
7751,validation,SIRA
7752,test,SIRA
7753,train,SIRA
7754,train,SIRA
7755,train,SIRA
7756,train,SIRA
7757,train,SIRA
7758,validation,SIRA
7759,train,SIRA
7760,test,SIRA
7761,test,SIRA
7762,train,SIRA
7763,train,SIRA
7764,train,SIRA
7765,train,SIRA
7766,train,SIRA
7767,train,SIRA
7768,train,SIRA
7769,test,SIRA
7770,test,SIRA
7771,validation,SIRA
7772,train,SIRA
7773,train,SIRA
7774,train,SIRA
7775,test,SIRA
7776,test,SIRA
7777,train,SIRA
7778,train,SIRA
7779,train,SIRA
7780,train,SIRA
7781,train,SIRA
7782,train,SIRA
7783,train,SIRA
7784,train,SIRA
7785,train,SIRA
7786,train,SIRA
7787,train,SIRA
7788,train,SIRA
7789,train,SIRA
7790,train,SIRA
7791,train,SIRA
7792,train,SIRA
7793,test,SIRA
7794,train,SIRA
7795,validation,SIRA
7796,validation,SIRA
7797,train,SIRA
7798,train,SIRA
7799,test,SIRA
7800,train,SIRA
7801,train,SIRA
7802,train,SIRA
7803,validation,SIRA
7804,train,SIRA
7805,train,SIRA
7806,train,SIRA
7807,train,SIRA
7808,train,SIRA
7809,validation,SIRA
7810,validation,SIRA
7811,train,SIRA
7812,train,SIRA
7813,train,SIRA
7814,train,SIRA
7815,test,SIRA
7816,train,SIRA
7817,train,SIRA
7818,validation,SIRA
7819,train,SIRA
7820,train,SIRA
7821,test,SIRA
7822,train,SIRA
7823,train,SIRA
7824,train,SIRA
7825,train,SIRA
7826,test,SIRA
7827,train,SIRA
7828,train,SIRA
7829,validation,SIRA
7830,train,SIRA
7831,test,SIRA
7832,train,SIRA
7833,train,SIRA
7834,train,SIRA
7835,train,SIRA
7836,train,SIRA
7837,validation,SIRA
7838,validation,SIRA
7839,train,SIRA
7840,train,SIRA
7841,test,SIRA
7842,train,SIRA
7843,validation,SIRA
7844,test,SIRA
7845,validation,SIRA
7846,validation,SIRA
7847,validation,SIRA
7848,train,SIRA
7849,test,SIRA
7850,train,SIRA
7851,validation,SIRA
7852,train,SIRA
7853,train,SIRA
7854,train,SIRA
7855,validation,SIRA
7856,train,SIRA
7857,validation,SIRA
7858,train,SIRA
7859,train,SIRA
7860,train,SIRA
7861,train,SIRA
7862,train,SIRA
7863,train,SIRA
7864,train,SIRA
7865,train,SIRA
7866,test,SIRA
7867,validation,SIRA
7868,validation,SIRA
7869,train,SIRA
7870,train,SIRA
7871,validation,SIRA
7872,train,SIRA
7873,test,SIRA
7874,validation,SIRA
7875,train,SIRA
7876,train,SIRA
7877,test,SIRA
7878,train,SIRA
7879,train,SIRA
7880,train,SIRA
7881,train,SIRA
7882,validation,SIRA
7883,validation,SIRA
7884,train,SIRA
7885,train,SIRA
7886,train,SIRA
7887,validation,SIRA
7888,train,SIRA
7889,train,SIRA
7890,train,SIRA
7891,train,SIRA
7892,validation,SIRA
7893,validation,SIRA
7894,train,SIRA
7895,train,SIRA
7896,validation,SIRA
7897,train,SIRA
7898,validation,SIRA
7899,train,SIRA
7900,validation,SIRA
7901,validation,SIRA
7902,train,SIRA
7903,validation,SIRA
7904,train,SIRA
7905,train,SIRA
7906,validation,SIRA
7907,train,SIRA
7908,train,SIRA
7909,train,SIRA
7910,train,SIRA
7911,test,SIRA
7912,validation,SIRA
7913,validation,SIRA
7914,train,SIRA
7915,train,SIRA
7916,train,SIRA
7917,train,SIRA
7918,train,SIRA
7919,train,SIRA
7920,validation,SIRA
7921,train,SIRA
7922,validation,SIRA
7923,train,SIRA
7924,train,SIRA
7925,validation,SIRA
7926,train,SIRA
7927,train,SIRA
7928,test,SIRA
7929,train,SIRA
7930,train,SIRA
7931,validation,SIRA
7932,train,SIRA
7933,validation,SIRA
7934,train,SIRA
7935,train,SIRA
7936,train,SIRA
7937,train,SIRA
7938,validation,SIRA
7939,validation,SIRA
7940,train,SIRA
7941,train,SIRA
7942,train,SIRA
7943,train,SIRA
7944,train,SIRA
7945,train,SIRA
7946,train,SIRA
7947,train,SIRA
7948,validation,SIRA
7949,train,SIRA
7950,train,SIRA
7951,train,SIRA
7952,train,SIRA
7953,train,SIRA
7954,train,SIRA
7955,train,SIRA
7956,train,SIRA
7957,test,SIRA
7958,test,SIRA
7959,train,SIRA
7960,train,SIRA
7961,test,SIRA
7962,train,SIRA
7963,train,SIRA
7964,train,SIRA
7965,train,SIRA
7966,test,SIRA
7967,train,SIRA
7968,validation,SIRA
7969,validation,SIRA
7970,train,SIRA
7971,train,SIRA
7972,train,SIRA
7973,train,SIRA
7974,test,SIRA
7975,validation,SIRA
7976,train,SIRA
7977,train,SIRA
7978,validation,SIRA
7979,train,SIRA
7980,test,SIRA
7981,validation,SIRA
7982,test,SIRA
7983,train,SIRA
7984,train,SIRA
7985,validation,SIRA
7986,train,SIRA
7987,train,SIRA
7988,train,SIRA
7989,validation,SIRA
7990,train,SIRA
7991,validation,SIRA
7992,train,SIRA
7993,test,SIRA
7994,train,SIRA
7995,train,SIRA
7996,train,SIRA
7997,train,SIRA
7998,test,SIRA
7999,test,SIRA
8000,train,SIRA
8001,train,SIRA
8002,train,SIRA
8003,test,SIRA
8004,train,SIRA
8005,train,SIRA
8006,validation,SIRA
8007,train,SIRA
8008,test,SIRA
8009,train,SIRA
8010,validation,SIRA
8011,validation,SIRA
8012,test,SIRA
8013,train,SIRA
8014,test,SIRA
8015,train,SIRA
8016,train,SIRA
8017,test,SIRA
8018,train,SIRA
8019,train,SIRA
8020,validation,SIRA
8021,train,SIRA
8022,train,SIRA
8023,test,SIRA
8024,train,SIRA
8025,test,SIRA
8026,train,SIRA
8027,train,SIRA
8028,train,SIRA
8029,validation,SIRA
8030,validation,SIRA
8031,train,SIRA
8032,train,SIRA
8033,train,SIRA
8034,train,SIRA
8035,test,SIRA
8036,validation,SIRA
8037,train,SIRA
8038,train,SIRA
8039,train,SIRA
8040,train,SIRA
8041,train,SIRA
8042,train,SIRA
8043,train,SIRA
8044,train,SIRA
8045,train,SIRA
8046,train,SIRA
8047,train,SIRA
8048,train,SIRA
8049,train,SIRA
8050,train,SIRA
8051,train,SIRA
8052,train,SIRA
8053,train,SIRA
8054,validation,SIRA
8055,train,SIRA
8056,train,SIRA
8057,train,SIRA
8058,train,SIRA
8059,train,SIRA
8060,validation,SIRA
8061,train,SIRA
8062,train,SIRA
8063,validation,SIRA
8064,train,SIRA
8065,train,SIRA
8066,train,SIRA
8067,train,SIRA
8068,validation,SIRA
8069,validation,SIRA
8070,validation,SIRA
8071,validation,SIRA
8072,train,SIRA
8073,train,SIRA
8074,test,SIRA
8075,validation,SIRA
8076,train,SIRA
8077,train,SIRA
8078,train,SIRA
8079,test,SIRA
8080,validation,SIRA
8081,train,SIRA
8082,train,SIRA
8083,train,SIRA
8084,test,SIRA
8085,train,SIRA
8086,train,SIRA
8087,test,SIRA
8088,train,SIRA
8089,test,SIRA
8090,validation,SIRA
8091,train,SIRA
8092,validation,SIRA
8093,test,SIRA
8094,validation,SIRA
8095,train,SIRA
8096,train,SIRA
8097,test,SIRA
8098,validation,SIRA
8099,train,SIRA
8100,train,SIRA
8101,test,SIRA
8102,train,SIRA
8103,train,SIRA
8104,test,SIRA
8105,train,SIRA
8106,train,SIRA
8107,train,SIRA
8108,test,SIRA
8109,train,SIRA
8110,train,SIRA
8111,test,SIRA
8112,train,SIRA
8113,train,SIRA
8114,train,SIRA
8115,train,SIRA
8116,validation,SIRA
8117,test,SIRA
8118,train,SIRA
8119,test,SIRA
8120,train,SIRA
8121,train,SIRA
8122,train,SIRA
8123,train,SIRA
8124,train,SIRA
8125,test,SIRA
8126,test,SIRA
8127,test,SIRA
8128,train,SIRA
8129,validation,SIRA
8130,train,SIRA
8131,train,SIRA
8132,train,SIRA
8133,train,SIRA
8134,train,SIRA
8135,train,SIRA
8136,train,SIRA
8137,train,SIRA
8138,train,SIRA
8139,train,SIRA
8140,train,SIRA
8141,test,SIRA
8142,test,SIRA
8143,train,SIRA
8144,test,SIRA
8145,train,SIRA
8146,train,SIRA
8147,test,SIRA
8148,train,SIRA
8149,train,SIRA
8150,train,SIRA
8151,train,SIRA
8152,test,SIRA
8153,train,SIRA
8154,train,SIRA
8155,validation,SIRA
8156,test,SIRA
8157,train,SIRA
8158,test,SIRA
8159,test,SIRA
8160,train,SIRA
8161,train,SIRA
8162,validation,SIRA
8163,train,SIRA
8164,train,SIRA
8165,validation,SIRA
8166,train,SIRA
8167,test,SIRA
8168,test,SIRA
8169,test,SIRA
8170,train,SIRA
8171,test,SIRA
8172,train,SIRA
8173,train,SIRA
8174,train,SIRA
8175,train,SIRA
8176,train,SIRA
8177,train,SIRA
8178,train,SIRA
8179,test,SIRA
8180,train,SIRA
8181,train,SIRA
8182,train,SIRA
8183,validation,SIRA
8184,validation,SIRA
8185,validation,SIRA
8186,validation,SIRA
8187,validation,SIRA
8188,train,SIRA
8189,validation,SIRA
8190,validation,SIRA
8191,validation,SIRA
8192,train,SIRA
8193,train,SIRA
8194,test,SIRA
8195,train,SIRA
8196,test,SIRA
8197,train,SIRA
8198,train,SIRA
8199,validation,SIRA
8200,validation,SIRA
8201,train,SIRA
8202,train,SIRA
8203,train,SIRA
8204,train,SIRA
8205,train,SIRA
8206,train,SIRA
8207,train,SIRA
8208,train,SIRA
8209,train,SIRA
8210,train,SIRA
8211,validation,SIRA
8212,validation,SIRA
8213,validation,SIRA
8214,train,SIRA
8215,train,SIRA
8216,train,SIRA
8217,train,SIRA
8218,train,SIRA
8219,train,SIRA
8220,train,SIRA
8221,test,SIRA
8222,test,SIRA
8223,train,SIRA
8224,train,SIRA
8225,train,SIRA
8226,train,SIRA
8227,train,SIRA
8228,validation,SIRA
8229,train,SIRA
8230,train,SIRA
8231,validation,SIRA
8232,train,SIRA
8233,train,SIRA
8234,train,SIRA
8235,train,SIRA
8236,train,SIRA
8237,train,SIRA
8238,train,SIRA
8239,train,SIRA
8240,train,SIRA
8241,test,SIRA
8242,train,SIRA
8243,test,SIRA
8244,validation,SIRA
8245,train,SIRA
8246,train,SIRA
8247,train,SIRA
8248,test,SIRA
8249,validation,SIRA
8250,train,SIRA
8251,validation,SIRA
8252,validation,SIRA
8253,train,SIRA
8254,train,SIRA
8255,train,SIRA
8256,validation,SIRA
8257,train,SIRA
8258,test,SIRA
8259,validation,SIRA
8260,train,SIRA
8261,train,SIRA
8262,train,SIRA
8263,train,SIRA
8264,test,SIRA
8265,train,SIRA
8266,validation,SIRA
8267,validation,SIRA
8268,train,SIRA
8269,train,SIRA
8270,train,SIRA
8271,train,SIRA
8272,train,SIRA
8273,train,SIRA
8274,train,SIRA
8275,validation,SIRA
8276,test,SIRA
8277,train,SIRA
8278,train,SIRA
8279,train,SIRA
8280,train,SIRA
8281,train,SIRA
8282,train,SIRA
8283,validation,SIRA
8284,validation,SIRA
8285,validation,SIRA
8286,test,SIRA
8287,train,SIRA
8288,train,SIRA
8289,train,SIRA
8290,train,SIRA
8291,train,SIRA
8292,train,SIRA
8293,train,SIRA
8294,train,SIRA
8295,train,SIRA
8296,train,SIRA
8297,train,SIRA
8298,validation,SIRA
8299,train,SIRA
8300,test,SIRA
8301,train,SIRA
8302,train,SIRA
8303,validation,SIRA
8304,train,SIRA
8305,validation,SIRA
8306,train,SIRA
8307,test,SIRA
8308,validation,SIRA
8309,train,SIRA
8310,train,SIRA
8311,train,SIRA
8312,train,SIRA
8313,train,SIRA
8314,train,SIRA
8315,train,SIRA
8316,train,SIRA
8317,train,SIRA
8318,train,SIRA
8319,validation,SIRA
8320,train,SIRA
8321,train,SIRA
8322,train,SIRA
8323,train,SIRA
8324,train,SIRA
8325,train,SIRA
8326,train,SIRA
8327,validation,SIRA
8328,train,SIRA
8329,train,SIRA
8330,validation,SIRA
8331,train,SIRA
8332,train,SIRA
8333,train,SIRA
8334,train,SIRA
8335,train,SIRA
8336,train,SIRA
8337,train,SIRA
8338,train,SIRA
8339,train,SIRA
8340,train,SIRA
8341,test,SIRA
8342,train,SIRA
8343,train,SIRA
8344,test,SIRA
8345,train,SIRA
8346,train,SIRA
8347,train,SIRA
8348,test,SIRA
8349,train,SIRA
8350,train,SIRA
8351,validation,SIRA
8352,train,SIRA
8353,train,SIRA
8354,train,SIRA
8355,train,SIRA
8356,train,SIRA
8357,test,SIRA
8358,train,SIRA
8359,train,SIRA
8360,train,SIRA
8361,train,SIRA
8362,train,SIRA
8363,train,SIRA
8364,test,SIRA
8365,test,SIRA
8366,train,SIRA
8367,train,SIRA
8368,train,SIRA
8369,test,SIRA
8370,test,SIRA
8371,train,SIRA
8372,train,SIRA
8373,train,SIRA
8374,train,SIRA
8375,train,SIRA
8376,train,SIRA
8377,validation,SIRA
8378,test,SIRA
8379,train,SIRA
8380,train,SIRA
8381,train,SIRA
8382,train,SIRA
8383,validation,SIRA
8384,train,SIRA
8385,train,SIRA
8386,train,SIRA
8387,test,SIRA
8388,train,SIRA
8389,train,SIRA
8390,train,SIRA
8391,train,SIRA
8392,train,SIRA
8393,train,SIRA
8394,test,SIRA
8395,train,SIRA
8396,train,SIRA
8397,test,SIRA
8398,test,SIRA
8399,train,SIRA
8400,validation,SIRA
8401,train,SIRA
8402,train,SIRA
8403,train,SIRA
8404,train,SIRA
8405,train,SIRA
8406,train,SIRA
8407,train,SIRA
8408,train,SIRA
8409,train,SIRA
8410,train,SIRA
8411,train,SIRA
8412,validation,SIRA
8413,train,SIRA
8414,validation,SIRA
8415,train,SIRA
8416,train,SIRA
8417,train,SIRA
8418,train,SIRA
8419,train,SIRA
8420,train,SIRA
8421,validation,SIRA
8422,train,SIRA
8423,test,SIRA
8424,train,SIRA
8425,train,SIRA
8426,train,SIRA
8427,validation,SIRA
8428,train,SIRA
8429,train,SIRA
8430,test,SIRA
8431,train,SIRA
8432,train,SIRA
8433,validation,SIRA
8434,validation,SIRA
8435,train,SIRA
8436,train,SIRA
8437,train,SIRA
8438,train,SIRA
8439,train,SIRA
8440,train,SIRA
8441,train,SIRA
8442,validation,SIRA
8443,train,SIRA
8444,train,SIRA
8445,train,SIRA
8446,validation,SIRA
8447,validation,SIRA
8448,test,SIRA
8449,train,SIRA
8450,test,SIRA
8451,train,SIRA
8452,test,SIRA
8453,train,SIRA
8454,train,SIRA
8455,train,SIRA
8456,train,SIRA
8457,train,SIRA
8458,train,SIRA
8459,train,SIRA
8460,validation,SIRA
8461,train,SIRA
8462,train,SIRA
8463,train,SIRA
8464,train,SIRA
8465,train,SIRA
8466,train,SIRA
8467,train,SIRA
8468,train,SIRA
8469,train,SIRA
8470,validation,SIRA
8471,test,SIRA
8472,train,SIRA
8473,train,SIRA
8474,test,SIRA
8475,train,SIRA
8476,test,SIRA
8477,train,SIRA
8478,validation,SIRA
8479,train,SIRA
8480,train,SIRA
8481,validation,SIRA
8482,train,SIRA
8483,validation,SIRA
8484,validation,SIRA
8485,train,SIRA
8486,validation,SIRA
8487,validation,SIRA
8488,train,SIRA
8489,train,SIRA
8490,train,SIRA
8491,test,SIRA
8492,train,SIRA
8493,train,SIRA
8494,train,SIRA
8495,train,SIRA
8496,validation,SIRA
8497,validation,SIRA
8498,train,SIRA
8499,train,SIRA
8500,train,SIRA
8501,train,SIRA
8502,train,SIRA
8503,validation,SIRA
8504,train,SIRA
8505,train,SIRA
8506,train,SIRA
8507,train,SIRA
8508,test,SIRA
8509,train,SIRA
8510,train,SIRA
8511,train,SIRA
8512,train,SIRA
8513,validation,SIRA
8514,train,SIRA
8515,train,SIRA
8516,train,SIRA
8517,train,SIRA
8518,train,SIRA
8519,test,SIRA
8520,test,SIRA
8521,validation,SIRA
8522,train,SIRA
8523,train,SIRA
8524,validation,SIRA
8525,train,SIRA
8526,train,SIRA
8527,train,SIRA
8528,train,SIRA
8529,test,SIRA
8530,train,SIRA
8531,train,SIRA
8532,train,SIRA
8533,train,SIRA
8534,train,SIRA
8535,validation,SIRA
8536,train,SIRA
8537,train,SIRA
8538,validation,SIRA
8539,validation,SIRA
8540,train,SIRA
8541,validation,SIRA
8542,train,SIRA
8543,train,SIRA
8544,test,SIRA
8545,test,SIRA
8546,test,SIRA
8547,test,SIRA
8548,validation,SIRA
8549,train,SIRA
8550,train,SIRA
8551,train,SIRA
8552,train,SIRA
8553,train,SIRA
8554,train,SIRA
8555,train,SIRA
8556,train,SIRA
8557,train,SIRA
8558,train,SIRA
8559,train,SIRA
8560,train,SIRA
8561,train,SIRA
8562,train,SIRA
8563,train,SIRA
8564,validation,SIRA
8565,test,SIRA
8566,train,SIRA
8567,validation,SIRA
8568,train,SIRA
8569,train,SIRA
8570,train,SIRA
8571,train,SIRA
8572,train,SIRA
8573,train,SIRA
8574,validation,SIRA
8575,train,SIRA
8576,train,SIRA
8577,train,SIRA
8578,train,SIRA
8579,train,SIRA
8580,test,SIRA
8581,train,SIRA
8582,train,SIRA
8583,train,SIRA
8584,train,SIRA
8585,train,SIRA
8586,train,SIRA
8587,validation,SIRA
8588,validation,SIRA
8589,train,SIRA
8590,train,SIRA
8591,train,SIRA
8592,train,SIRA
8593,validation,SIRA
8594,validation,SIRA
8595,train,SIRA
8596,train,SIRA
8597,train,SIRA
8598,train,SIRA
8599,train,SIRA
8600,train,SIRA
8601,train,SIRA
8602,train,SIRA
8603,train,SIRA
8604,train,SIRA
8605,train,SIRA
8606,validation,SIRA
8607,train,SIRA
8608,train,SIRA
8609,train,SIRA
8610,train,SIRA
8611,train,SIRA
8612,validation,SIRA
8613,train,SIRA
8614,train,SIRA
8615,train,SIRA
8616,train,SIRA
8617,validation,SIRA
8618,train,SIRA
8619,train,SIRA
8620,train,SIRA
8621,train,SIRA
8622,test,SIRA
8623,train,SIRA
8624,train,SIRA
8625,test,SIRA
8626,train,SIRA
8627,test,SIRA
8628,train,SIRA
8629,test,SIRA
8630,test,SIRA
8631,train,SIRA
8632,validation,SIRA
8633,train,SIRA
8634,test,SIRA
8635,train,SIRA
8636,validation,SIRA
8637,train,SIRA
8638,test,SIRA
8639,validation,SIRA
8640,train,SIRA
8641,train,SIRA
8642,train,SIRA
8643,train,SIRA
8644,validation,SIRA
8645,train,SIRA
8646,train,SIRA
8647,train,SIRA
8648,validation,SIRA
8649,train,SIRA
8650,train,SIRA
8651,train,SIRA
8652,test,SIRA
8653,train,SIRA
8654,train,SIRA
8655,train,SIRA
8656,train,SIRA
8657,validation,SIRA
8658,train,SIRA
8659,test,SIRA
8660,validation,SIRA
8661,train,SIRA
8662,test,SIRA
8663,train,SIRA
8664,train,SIRA
8665,train,SIRA
8666,train,SIRA
8667,train,SIRA
8668,train,SIRA
8669,train,SIRA
8670,train,SIRA
8671,train,SIRA
8672,train,SIRA
8673,test,SIRA
8674,test,SIRA
8675,train,SIRA
8676,train,SIRA
8677,train,SIRA
8678,test,SIRA
8679,validation,SIRA
8680,validation,SIRA
8681,train,SIRA
8682,train,SIRA
8683,train,SIRA
8684,train,SIRA
8685,validation,SIRA
8686,validation,SIRA
8687,train,SIRA
8688,test,SIRA
8689,train,SIRA
8690,train,SIRA
8691,train,SIRA
8692,train,SIRA
8693,test,SIRA
8694,test,SIRA
8695,test,SIRA
8696,train,SIRA
8697,test,SIRA
8698,train,SIRA
8699,train,SIRA
8700,train,SIRA
8701,validation,SIRA
8702,train,SIRA
8703,validation,SIRA
8704,validation,SIRA
8705,train,SIRA
8706,test,SIRA
8707,train,SIRA
8708,train,SIRA
8709,train,SIRA
8710,train,SIRA
8711,train,SIRA
8712,validation,SIRA
8713,train,SIRA
8714,test,SIRA
8715,validation,SIRA
8716,test,SIRA
8717,test,SIRA
8718,train,SIRA
8719,train,SIRA
8720,validation,SIRA
8721,train,SIRA
8722,train,SIRA
8723,train,SIRA
8724,train,SIRA
8725,test,SIRA
8726,train,SIRA
8727,train,SIRA
8728,train,SIRA
8729,train,SIRA
8730,validation,SIRA
8731,train,SIRA
8732,test,SIRA
8733,validation,SIRA
8734,train,SIRA
8735,train,SIRA
8736,validation,SIRA
8737,train,SIRA
8738,train,SIRA
8739,train,SIRA
8740,train,SIRA
8741,train,SIRA
8742,train,SIRA
8743,train,SIRA
8744,train,SIRA
8745,test,SIRA
8746,train,SIRA
8747,train,SIRA
8748,train,SIRA
8749,train,SIRA
8750,train,SIRA
8751,train,SIRA
8752,train,SIRA
8753,train,SIRA
8754,train,SIRA
8755,train,SIRA
8756,train,SIRA
8757,train,SIRA
8758,test,SIRA
8759,train,SIRA
8760,validation,SIRA
8761,train,SIRA
8762,train,SIRA
8763,test,SIRA
8764,train,SIRA
8765,train,SIRA
8766,train,SIRA
8767,train,SIRA
8768,validation,SIRA
8769,test,SIRA
8770,test,SIRA
8771,train,SIRA
8772,train,SIRA
8773,train,SIRA
8774,validation,SIRA
8775,train,SIRA
8776,train,SIRA
8777,test,SIRA
8778,train,SIRA
8779,train,SIRA
8780,train,SIRA
8781,train,SIRA
8782,train,SIRA
8783,train,SIRA
8784,train,SIRA
8785,train,SIRA
8786,train,SIRA
8787,train,SIRA
8788,test,SIRA
8789,train,SIRA
8790,train,SIRA
8791,test,SIRA
8792,train,SIRA
8793,train,SIRA
8794,train,SIRA
8795,train,SIRA
8796,train,SIRA
8797,train,SIRA
8798,validation,SIRA
8799,train,SIRA
8800,train,SIRA
8801,train,SIRA
8802,train,SIRA
8803,validation,SIRA
8804,train,SIRA
8805,validation,SIRA
8806,validation,SIRA
8807,train,SIRA
8808,train,SIRA
8809,train,SIRA
8810,train,SIRA
8811,validation,SIRA
8812,train,SIRA
8813,test,SIRA
8814,train,SIRA
8815,train,SIRA
8816,validation,SIRA
8817,train,SIRA
8818,test,SIRA
8819,test,SIRA
8820,train,SIRA
8821,train,SIRA
8822,train,SIRA
8823,train,SIRA
8824,train,SIRA
8825,test,SIRA
8826,train,SIRA
8827,train,SIRA
8828,test,SIRA
8829,train,SIRA
8830,test,SIRA
8831,train,SIRA
8832,train,SIRA
8833,train,SIRA
8834,train,SIRA
8835,test,SIRA
8836,train,SIRA
8837,validation,SIRA
8838,train,SIRA
8839,train,SIRA
8840,train,SIRA
8841,train,SIRA
8842,test,SIRA
8843,test,SIRA
8844,train,SIRA
8845,train,SIRA
8846,test,SIRA
8847,train,SIRA
8848,train,SIRA
8849,train,SIRA
8850,test,SIRA
8851,train,SIRA
8852,test,SIRA
8853,train,SIRA
8854,train,SIRA
8855,test,SIRA
8856,validation,SIRA
8857,train,SIRA
8858,train,SIRA
8859,train,SIRA
8860,train,SIRA
8861,validation,SIRA
8862,train,SIRA
8863,validation,SIRA
8864,train,SIRA
8865,train,SIRA
8866,test,SIRA
8867,train,SIRA
8868,train,SIRA
8869,train,SIRA
8870,train,SIRA
8871,train,SIRA
8872,validation,SIRA
8873,train,SIRA
8874,train,SIRA
8875,validation,SIRA
8876,train,SIRA
8877,train,SIRA
8878,train,SIRA
8879,train,SIRA
8880,train,SIRA
8881,train,SIRA
8882,train,SIRA
8883,train,SIRA
8884,train,SIRA
8885,train,SIRA
8886,train,SIRA
8887,test,SIRA
8888,train,SIRA
8889,validation,SIRA
8890,test,SIRA
8891,train,SIRA
8892,validation,SIRA
8893,train,SIRA
8894,train,SIRA
8895,train,SIRA
8896,train,SIRA
8897,train,SIRA
8898,validation,SIRA
8899,train,SIRA
8900,validation,SIRA
8901,train,SIRA
8902,train,SIRA
8903,train,SIRA
8904,train,SIRA
8905,train,SIRA
8906,validation,SIRA
8907,train,SIRA
8908,test,SIRA
8909,validation,SIRA
8910,train,SIRA
8911,train,SIRA
8912,train,SIRA
8913,train,SIRA
8914,train,SIRA
8915,train,SIRA
8916,validation,SIRA
8917,train,SIRA
8918,train,SIRA
8919,train,SIRA
8920,train,SIRA
8921,train,SIRA
8922,train,SIRA
8923,validation,SIRA
8924,test,SIRA
8925,validation,SIRA
8926,validation,SIRA
8927,validation,SIRA
8928,test,SIRA
8929,test,SIRA
8930,test,SIRA
8931,train,SIRA
8932,train,SIRA
8933,test,SIRA
8934,train,SIRA
8935,train,SIRA
8936,validation,SIRA
8937,train,SIRA
8938,train,SIRA
8939,validation,SIRA
8940,train,SIRA
8941,train,SIRA
8942,test,SIRA
8943,train,SIRA
8944,validation,SIRA
8945,train,SIRA
8946,train,SIRA
8947,train,SIRA
8948,train,SIRA
8949,test,SIRA
8950,train,SIRA
8951,train,SIRA
8952,train,SIRA
8953,train,SIRA
8954,validation,SIRA
8955,train,SIRA
8956,train,SIRA
8957,train,SIRA
8958,train,SIRA
8959,train,SIRA
8960,train,SIRA
8961,train,SIRA
8962,train,SIRA
8963,train,SIRA
8964,train,SIRA
8965,test,SIRA
8966,train,SIRA
8967,train,SIRA
8968,train,SIRA
8969,test,SIRA
8970,train,SIRA
8971,train,SIRA
8972,train,SIRA
8973,train,SIRA
8974,validation,SIRA
8975,train,SIRA
8976,train,SIRA
8977,test,SIRA
8978,train,SIRA
8979,test,SIRA
8980,train,SIRA
8981,train,SIRA
8982,train,SIRA
8983,train,SIRA
8984,test,SIRA
8985,validation,SIRA
8986,train,SIRA
8987,train,SIRA
8988,test,SIRA
8989,train,SIRA
8990,train,SIRA
8991,train,SIRA
8992,train,SIRA
8993,train,SIRA
8994,train,SIRA
8995,train,SIRA
8996,train,SIRA
8997,validation,SIRA
8998,train,SIRA
8999,validation,SIRA
9000,train,SIRA
9001,test,SIRA
9002,validation,SIRA
9003,train,SIRA
9004,train,SIRA
9005,test,SIRA
9006,train,SIRA
9007,train,SIRA
9008,train,SIRA
9009,validation,SIRA
9010,train,SIRA
9011,validation,SIRA
9012,train,SIRA
9013,train,SIRA
9014,train,SIRA
9015,train,SIRA
9016,train,SIRA
9017,train,SIRA
9018,train,SIRA
9019,validation,SIRA
9020,train,SIRA
9021,validation,SIRA
9022,train,SIRA
9023,train,SIRA
9024,train,SIRA
9025,test,SIRA
9026,train,SIRA
9027,train,SIRA
9028,train,SIRA
9029,test,SIRA
9030,validation,SIRA
9031,train,SIRA
9032,train,SIRA
9033,train,SIRA
9034,train,SIRA
9035,train,SIRA
9036,train,SIRA
9037,test,SIRA
9038,train,SIRA
9039,train,SIRA
9040,train,SIRA
9041,validation,SIRA
9042,train,SIRA
9043,validation,SIRA
9044,train,SIRA
9045,test,SIRA
9046,train,SIRA
9047,validation,SIRA
9048,train,SIRA
9049,train,SIRA
9050,train,SIRA
9051,train,SIRA
9052,train,SIRA
9053,train,SIRA
9054,train,SIRA
9055,train,SIRA
9056,validation,SIRA
9057,test,SIRA
9058,train,SIRA
9059,train,SIRA
9060,train,SIRA
9061,validation,SIRA
9062,train,SIRA
9063,train,SIRA
9064,test,SIRA
9065,train,SIRA
9066,train,SIRA
9067,test,SIRA
9068,train,SIRA
9069,validation,SIRA
9070,train,SIRA
9071,train,SIRA
9072,test,SIRA
9073,validation,SIRA
9074,validation,SIRA
9075,test,SIRA
9076,train,SIRA
9077,train,SIRA
9078,test,SIRA
9079,train,SIRA
9080,train,SIRA
9081,train,SIRA
9082,train,SIRA
9083,train,SIRA
9084,train,SIRA
9085,train,SIRA
9086,train,SIRA
9087,train,SIRA
9088,train,SIRA
9089,validation,SIRA
9090,train,SIRA
9091,train,SIRA
9092,validation,SIRA
9093,train,SIRA
9094,train,SIRA
9095,test,SIRA
9096,train,SIRA
9097,train,SIRA
9098,validation,SIRA
9099,test,SIRA
9100,validation,SIRA
9101,train,SIRA
9102,validation,SIRA
9103,validation,SIRA
9104,train,SIRA
9105,train,SIRA
9106,test,SIRA
9107,train,SIRA
9108,test,SIRA
9109,train,SIRA
9110,train,SIRA
9111,train,SIRA
9112,train,SIRA
9113,train,SIRA
9114,test,SIRA
9115,train,SIRA
9116,train,SIRA
9117,train,SIRA
9118,test,SIRA
9119,validation,SIRA
9120,test,SIRA
9121,test,SIRA
9122,test,SIRA
9123,train,SIRA
9124,train,SIRA
9125,train,SIRA
9126,train,SIRA
9127,test,SIRA
9128,validation,SIRA
9129,test,SIRA
9130,train,SIRA
9131,train,SIRA
9132,test,SIRA
9133,train,SIRA
9134,train,SIRA
9135,train,SIRA
9136,train,SIRA
9137,test,SIRA
9138,train,SIRA
9139,validation,SIRA
9140,train,SIRA
9141,train,SIRA
9142,train,SIRA
9143,train,SIRA
9144,test,SIRA
9145,train,SIRA
9146,validation,SIRA
9147,train,SIRA
9148,train,SIRA
9149,train,SIRA
9150,train,SIRA
9151,test,SIRA
9152,train,SIRA
9153,test,SIRA
9154,train,SIRA
9155,test,SIRA
9156,validation,SIRA
9157,validation,SIRA
9158,train,SIRA
9159,train,SIRA
9160,train,SIRA
9161,test,SIRA
9162,train,SIRA
9163,train,SIRA
9164,train,SIRA
9165,train,SIRA
9166,train,SIRA
9167,test,SIRA
9168,train,SIRA
9169,train,SIRA
9170,test,SIRA
9171,test,SIRA
9172,train,SIRA
9173,train,SIRA
9174,train,SIRA
9175,test,SIRA
9176,test,SIRA
9177,train,SIRA
9178,train,SIRA
9179,validation,SIRA
9180,train,SIRA
9181,train,SIRA
9182,validation,SIRA
9183,train,SIRA
9184,train,SIRA
9185,test,SIRA
9186,test,SIRA
9187,test,SIRA
9188,validation,SIRA
9189,train,SIRA
9190,train,SIRA
9191,train,SIRA
9192,train,SIRA
9193,train,SIRA
9194,train,SIRA
9195,train,SIRA
9196,train,SIRA
9197,train,SIRA
9198,train,SIRA
9199,train,SIRA
9200,validation,SIRA
9201,train,SIRA
9202,train,SIRA
9203,validation,SIRA
9204,train,SIRA
9205,train,SIRA
9206,train,SIRA
9207,train,SIRA
9208,validation,SIRA
9209,test,SIRA
9210,train,SIRA
9211,train,SIRA
9212,train,SIRA
9213,validation,SIRA
9214,train,SIRA
9215,validation,SIRA
9216,test,SIRA
9217,train,SIRA
9218,train,SIRA
9219,test,SIRA
9220,train,SIRA
9221,validation,SIRA
9222,test,SIRA
9223,train,SIRA
9224,train,SIRA
9225,train,SIRA
9226,train,SIRA
9227,validation,SIRA
9228,train,SIRA
9229,test,SIRA
9230,validation,SIRA
9231,train,SIRA
9232,train,SIRA
9233,train,SIRA
9234,validation,SIRA
9235,validation,SIRA
9236,train,SIRA
9237,train,SIRA
9238,validation,SIRA
9239,validation,SIRA
9240,train,SIRA
9241,train,SIRA
9242,train,SIRA
9243,train,SIRA
9244,validation,SIRA
9245,train,SIRA
9246,train,SIRA
9247,validation,SIRA
9248,train,SIRA
9249,train,SIRA
9250,train,SIRA
9251,train,SIRA
9252,train,SIRA
9253,test,SIRA
9254,validation,SIRA
9255,train,SIRA
9256,train,SIRA
9257,train,SIRA
9258,train,SIRA
9259,test,SIRA
9260,train,SIRA
9261,train,SIRA
9262,test,SIRA
9263,train,SIRA
9264,validation,SIRA
9265,validation,SIRA
9266,train,SIRA
9267,validation,SIRA
9268,test,SIRA
9269,train,SIRA
9270,train,SIRA
9271,validation,SIRA
9272,validation,SIRA
9273,train,SIRA
9274,train,SIRA
9275,train,SIRA
9276,train,SIRA
9277,test,SIRA
9278,test,SIRA
9279,train,SIRA
9280,train,SIRA
9281,train,SIRA
9282,train,SIRA
9283,validation,SIRA
9284,train,SIRA
9285,train,SIRA
9286,train,SIRA
9287,train,SIRA
9288,test,SIRA
9289,train,SIRA
9290,test,SIRA
9291,test,SIRA
9292,train,SIRA
9293,test,SIRA
9294,test,SIRA
9295,train,SIRA
9296,train,SIRA
9297,train,SIRA
9298,train,SIRA
9299,test,SIRA
9300,train,SIRA
9301,train,SIRA
9302,train,SIRA
9303,train,SIRA
9304,train,SIRA
9305,train,SIRA
9306,train,SIRA
9307,validation,SIRA
9308,train,SIRA
9309,train,SIRA
9310,train,SIRA
9311,train,SIRA
9312,test,SIRA
9313,validation,SIRA
9314,train,SIRA
9315,train,SIRA
9316,train,SIRA
9317,train,SIRA
9318,train,SIRA
9319,train,SIRA
9320,validation,SIRA
9321,train,SIRA
9322,test,SIRA
9323,validation,SIRA
9324,train,SIRA
9325,train,SIRA
9326,test,SIRA
9327,train,SIRA
9328,train,SIRA
9329,validation,SIRA
9330,test,SIRA
9331,train,SIRA
9332,train,SIRA
9333,train,SIRA
9334,test,SIRA
9335,train,SIRA
9336,train,SIRA
9337,validation,SIRA
9338,test,SIRA
9339,train,SIRA
9340,train,SIRA
9341,test,SIRA
9342,train,SIRA
9343,validation,SIRA
9344,test,SIRA
9345,train,SIRA
9346,train,SIRA
9347,train,SIRA
9348,train,SIRA
9349,train,SIRA
9350,train,SIRA
9351,train,SIRA
9352,train,SIRA
9353,train,SIRA
9354,train,SIRA
9355,train,SIRA
9356,train,SIRA
9357,train,SIRA
9358,test,SIRA
9359,test,SIRA
9360,train,SIRA
9361,train,SIRA
9362,train,SIRA
9363,validation,SIRA
9364,train,SIRA
9365,train,SIRA
9366,train,SIRA
9367,train,SIRA
9368,train,SIRA
9369,train,SIRA
9370,test,SIRA
9371,train,SIRA
9372,validation,SIRA
9373,train,SIRA
9374,train,SIRA
9375,train,SIRA
9376,train,SIRA
9377,validation,SIRA
9378,train,SIRA
9379,test,SIRA
9380,train,SIRA
9381,test,SIRA
9382,train,SIRA
9383,train,SIRA
9384,test,SIRA
9385,train,SIRA
9386,train,SIRA
9387,train,SIRA
9388,train,SIRA
9389,train,SIRA
9390,test,SIRA
9391,train,SIRA
9392,train,SIRA
9393,train,SIRA
9394,train,SIRA
9395,train,SIRA
9396,train,SIRA
9397,train,SIRA
9398,validation,SIRA
9399,train,SIRA
9400,train,SIRA
9401,train,SIRA
9402,test,SIRA
9403,train,SIRA
9404,validation,SIRA
9405,train,SIRA
9406,train,SIRA
9407,test,SIRA
9408,train,SIRA
9409,validation,SIRA
9410,test,SIRA
9411,test,SIRA
9412,train,SIRA
9413,train,SIRA
9414,train,SIRA
9415,train,SIRA
9416,train,SIRA
9417,train,SIRA
9418,train,SIRA
9419,train,SIRA
9420,train,SIRA
9421,train,SIRA
9422,train,SIRA
9423,train,SIRA
9424,test,SIRA
9425,train,SIRA
9426,train,SIRA
9427,train,SIRA
9428,train,SIRA
9429,test,SIRA
9430,train,SIRA
9431,train,SIRA
9432,train,SIRA
9433,train,SIRA
9434,train,SIRA
9435,train,SIRA
9436,train,SIRA
9437,train,SIRA
9438,train,SIRA
9439,train,SIRA
9440,train,SIRA
9441,train,SIRA
9442,train,SIRA
9443,train,SIRA
9444,train,SIRA
9445,validation,SIRA
9446,train,SIRA
9447,train,SIRA
9448,train,SIRA
9449,train,SIRA
9450,train,SIRA
9451,train,SIRA
9452,train,SIRA
9453,validation,SIRA
9454,train,SIRA
9455,train,SIRA
9456,train,SIRA
9457,train,SIRA
9458,train,SIRA
9459,test,SIRA
9460,train,SIRA
9461,train,SIRA
9462,train,SIRA
9463,train,SIRA
9464,train,SIRA
9465,validation,SIRA
9466,train,SIRA
9467,train,SIRA
9468,train,SIRA
9469,validation,SIRA
9470,train,SIRA
9471,train,SIRA
9472,train,SIRA
9473,train,SIRA
9474,test,SIRA
9475,validation,SIRA
9476,train,SIRA
9477,test,SIRA
9478,train,SIRA
9479,train,SIRA
9480,train,SIRA
9481,train,SIRA
9482,train,SIRA
9483,train,SIRA
9484,train,SIRA
9485,test,SIRA
9486,test,SIRA
9487,train,SIRA
9488,test,SIRA
9489,train,SIRA
9490,validation,SIRA
9491,train,SIRA
9492,train,SIRA
9493,train,SIRA
9494,validation,SIRA
9495,train,SIRA
9496,train,SIRA
9497,train,SIRA
9498,test,SIRA
9499,train,SIRA
9500,train,SIRA
9501,train,SIRA
9502,train,SIRA
9503,train,SIRA
9504,train,SIRA
9505,validation,SIRA
9506,train,SIRA
9507,train,SIRA
9508,train,SIRA
9509,train,SIRA
9510,train,SIRA
9511,train,SIRA
9512,validation,SIRA
9513,train,SIRA
9514,validation,SIRA
9515,train,SIRA
9516,train,SIRA
9517,train,SIRA
9518,validation,SIRA
9519,train,SIRA
9520,train,SIRA
9521,train,SIRA
9522,train,SIRA
9523,train,SIRA
9524,train,SIRA
9525,validation,SIRA
9526,train,SIRA
9527,train,SIRA
9528,train,SIRA
9529,train,SIRA
9530,train,SIRA
9531,test,SIRA
9532,train,SIRA
9533,train,SIRA
9534,train,SIRA
9535,validation,SIRA
9536,train,SIRA
9537,test,SIRA
9538,train,SIRA
9539,train,SIRA
9540,train,SIRA
9541,train,SIRA
9542,test,SIRA
9543,train,SIRA
9544,train,SIRA
9545,test,SIRA
9546,validation,SIRA
9547,train,SIRA
9548,train,SIRA
9549,train,SIRA
9550,train,SIRA
9551,train,SIRA
9552,train,SIRA
9553,train,SIRA
9554,train,SIRA
9555,train,SIRA
9556,test,SIRA
9557,train,SIRA
9558,validation,SIRA
9559,train,SIRA
9560,validation,SIRA
9561,train,SIRA
9562,train,SIRA
9563,test,SIRA
9564,train,SIRA
9565,train,SIRA
9566,train,SIRA
9567,validation,SIRA
9568,train,SIRA
9569,train,SIRA
9570,train,SIRA
9571,validation,SIRA
9572,train,SIRA
9573,train,SIRA
9574,train,SIRA
9575,train,SIRA
9576,train,SIRA
9577,test,SIRA
9578,train,SIRA
9579,train,SIRA
9580,train,SIRA
9581,test,SIRA
9582,train,SIRA
9583,train,SIRA
9584,train,SIRA
9585,train,SIRA
9586,train,SIRA
9587,validation,SIRA
9588,test,SIRA
9589,validation,SIRA
9590,train,SIRA
9591,train,SIRA
9592,train,SIRA
9593,train,SIRA
9594,train,SIRA
9595,train,SIRA
9596,train,SIRA
9597,train,SIRA
9598,test,SIRA
9599,train,SIRA
9600,train,SIRA
9601,validation,SIRA
9602,train,SIRA
9603,validation,SIRA
9604,validation,SIRA
9605,train,SIRA
9606,train,SIRA
9607,train,SIRA
9608,test,SIRA
9609,train,SIRA
9610,train,SIRA
9611,train,SIRA
9612,train,SIRA
9613,train,SIRA
9614,validation,SIRA
9615,validation,SIRA
9616,validation,SIRA
9617,train,SIRA
9618,train,SIRA
9619,train,SIRA
9620,train,SIRA
9621,train,SIRA
9622,train,SIRA
9623,train,SIRA
9624,validation,SIRA
9625,train,SIRA
9626,train,SIRA
9627,test,SIRA
9628,train,SIRA
9629,validation,SIRA
9630,train,SIRA
9631,train,SIRA
9632,train,SIRA
9633,train,SIRA
9634,train,SIRA
9635,train,SIRA
9636,train,SIRA
9637,test,SIRA
9638,test,SIRA
9639,train,SIRA
9640,train,SIRA
9641,validation,SIRA
9642,train,SIRA
9643,train,SIRA
9644,test,SIRA
9645,validation,SIRA
9646,train,SIRA
9647,test,SIRA
9648,train,SIRA
9649,train,SIRA
9650,train,SIRA
9651,validation,SIRA
9652,train,SIRA
9653,train,SIRA
9654,train,SIRA
9655,train,SIRA
9656,train,SIRA
9657,test,SIRA
9658,train,SIRA
9659,train,SIRA
9660,train,SIRA
9661,validation,SIRA
9662,train,SIRA
9663,validation,SIRA
9664,train,SIRA
9665,train,SIRA
9666,train,SIRA
9667,test,SIRA
9668,train,SIRA
9669,train,SIRA
9670,test,SIRA
9671,train,SIRA
9672,train,SIRA
9673,train,SIRA
9674,train,SIRA
9675,train,SIRA
9676,train,SIRA
9677,train,SIRA
9678,train,SIRA
9679,train,SIRA
9680,validation,SIRA
9681,validation,SIRA
9682,train,SIRA
9683,train,SIRA
9684,train,SIRA
9685,train,SIRA
9686,train,SIRA
9687,validation,SIRA
9688,test,SIRA
9689,test,SIRA
9690,train,SIRA
9691,train,SIRA
9692,train,SIRA
9693,train,SIRA
9694,train,SIRA
9695,train,SIRA
9696,train,SIRA
9697,test,SIRA
9698,train,SIRA
9699,train,SIRA
9700,train,SIRA
9701,train,SIRA
9702,validation,SIRA
9703,test,SIRA
9704,validation,SIRA
9705,train,SIRA
9706,train,SIRA
9707,train,SIRA
9708,test,SIRA
9709,train,SIRA
9710,train,SIRA
9711,train,SIRA
9712,validation,SIRA
9713,train,SIRA
9714,train,SIRA
9715,test,SIRA
9716,test,SIRA
9717,train,SIRA
9718,train,SIRA
9719,validation,SIRA
9720,train,SIRA
9721,train,SIRA
9722,test,SIRA
9723,train,SIRA
9724,train,SIRA
9725,train,SIRA
9726,train,SIRA
9727,train,SIRA
9728,train,SIRA
9729,validation,SIRA
9730,train,SIRA
9731,train,SIRA
9732,validation,SIRA
9733,train,SIRA
9734,test,SIRA
9735,train,SIRA
9736,train,SIRA
9737,train,SIRA
9738,train,SIRA
9739,train,SIRA
9740,train,SIRA
9741,train,SIRA
9742,test,SIRA
9743,validation,SIRA
9744,train,SIRA
9745,test,SIRA
9746,train,SIRA
9747,train,SIRA
9748,train,SIRA
9749,train,SIRA
9750,train,SIRA
9751,train,SIRA
9752,train,SIRA
9753,train,SIRA
9754,train,SIRA
9755,train,SIRA
9756,train,SIRA
9757,train,SIRA
9758,train,SIRA
9759,test,SIRA
9760,train,SIRA
9761,train,SIRA
9762,train,SIRA
9763,test,SIRA
9764,train,SIRA
9765,test,SIRA
9766,train,SIRA
9767,train,SIRA
9768,train,SIRA
9769,train,SIRA
9770,train,SIRA
9771,train,SIRA
9772,validation,SIRA
9773,train,SIRA
9774,train,SIRA
9775,train,SIRA
9776,validation,SIRA
9777,train,SIRA
9778,train,SIRA
9779,train,SIRA
9780,train,SIRA
9781,train,SIRA
9782,train,SIRA
9783,test,SIRA
9784,train,SIRA
9785,validation,SIRA
9786,train,SIRA
9787,train,SIRA
9788,test,SIRA
9789,train,SIRA
9790,train,SIRA
9791,train,SIRA
9792,train,SIRA
9793,train,SIRA
9794,train,SIRA
9795,test,SIRA
9796,train,SIRA
9797,train,SIRA
9798,train,SIRA
9799,test,SIRA
9800,test,SIRA
9801,train,SIRA
9802,train,SIRA
9803,train,SIRA
9804,train,SIRA
9805,train,SIRA
9806,train,SIRA
9807,validation,SIRA
9808,train,SIRA
9809,test,SIRA
9810,test,SIRA
9811,train,SIRA
9812,train,SIRA
9813,train,SIRA
9814,train,SIRA
9815,train,SIRA
9816,train,SIRA
9817,test,SIRA
9818,validation,SIRA
9819,train,SIRA
9820,train,SIRA
9821,train,SIRA
9822,train,SIRA
9823,validation,SIRA
9824,test,SIRA
9825,test,SIRA
9826,train,SIRA
9827,train,SIRA
9828,train,SIRA
9829,train,SIRA
9830,train,SIRA
9831,validation,SIRA
9832,test,SIRA
9833,train,SIRA
9834,validation,SIRA
9835,test,SIRA
9836,test,SIRA
9837,train,SIRA
9838,test,SIRA
9839,train,SIRA
9840,train,SIRA
9841,train,SIRA
9842,train,SIRA
9843,train,SIRA
9844,train,SIRA
9845,train,SIRA
9846,train,SIRA
9847,train,SIRA
9848,train,SIRA
9849,train,SIRA
9850,train,SIRA
9851,train,SIRA
9852,train,SIRA
9853,train,SIRA
9854,train,SIRA
9855,train,SIRA
9856,test,SIRA
9857,validation,SIRA
9858,test,SIRA
9859,train,SIRA
9860,test,SIRA
9861,train,SIRA
9862,train,SIRA
9863,validation,SIRA
9864,train,SIRA
9865,train,SIRA
9866,train,SIRA
9867,train,SIRA
9868,train,SIRA
9869,train,SIRA
9870,train,SIRA
9871,test,SIRA
9872,test,SIRA
9873,train,SIRA
9874,train,SIRA
9875,validation,SIRA
9876,validation,SIRA
9877,train,SIRA
9878,train,SIRA
9879,train,SIRA
9880,train,SIRA
9881,train,SIRA
9882,validation,SIRA
9883,test,SIRA
9884,train,SIRA
9885,test,SIRA
9886,test,SIRA
9887,validation,SIRA
9888,train,SIRA
9889,train,SIRA
9890,train,SIRA
9891,train,SIRA
9892,train,SIRA
9893,train,SIRA
9894,train,SIRA
9895,validation,SIRA
9896,train,SIRA
9897,test,SIRA
9898,train,SIRA
9899,train,SIRA
9900,train,SIRA
9901,train,SIRA
9902,train,SIRA
9903,train,SIRA
9904,train,SIRA
9905,test,SIRA
9906,train,SIRA
9907,train,SIRA
9908,validation,SIRA
9909,validation,SIRA
9910,train,SIRA
9911,train,SIRA
9912,validation,SIRA
9913,validation,SIRA
9914,train,SIRA
9915,train,SIRA
9916,train,SIRA
9917,train,SIRA
9918,train,SIRA
9919,test,SIRA
9920,train,SIRA
9921,validation,SIRA
9922,train,SIRA
9923,train,SIRA
9924,train,SIRA
9925,validation,SIRA
9926,test,SIRA
9927,test,SIRA
9928,test,SIRA
9929,train,SIRA
9930,train,SIRA
9931,train,SIRA
9932,train,SIRA
9933,train,SIRA
9934,train,SIRA
9935,train,SIRA
9936,train,SIRA
9937,train,SIRA
9938,validation,SIRA
9939,train,SIRA
9940,train,SIRA
9941,train,SIRA
9942,train,SIRA
9943,train,SIRA
9944,train,SIRA
9945,validation,SIRA
9946,train,SIRA
9947,test,SIRA
9948,validation,SIRA
9949,test,SIRA
9950,train,SIRA
9951,train,SIRA
9952,train,SIRA
9953,train,SIRA
9954,train,SIRA
9955,train,SIRA
9956,test,SIRA
9957,train,SIRA
9958,train,SIRA
9959,train,SIRA
9960,train,SIRA
9961,test,SIRA
9962,train,SIRA
9963,train,SIRA
9964,train,SIRA
9965,train,SIRA
9966,train,SIRA
9967,train,SIRA
9968,train,SIRA
9969,train,SIRA
9970,train,SIRA
9971,test,SIRA
9972,train,SIRA
9973,test,SIRA
9974,validation,SIRA
9975,test,SIRA
9976,test,SIRA
9977,train,SIRA
9978,test,SIRA
9979,validation,SIRA
9980,train,SIRA
9981,train,SIRA
9982,train,SIRA
9983,train,SIRA
9984,train,SIRA
9985,test,SIRA
9986,train,SIRA
9987,test,SIRA
9988,train,SIRA
9989,train,SIRA
9990,train,SIRA
9991,train,SIRA
9992,test,SIRA
9993,train,SIRA
9994,train,SIRA
9995,train,SIRA
9996,train,SIRA
9997,train,SIRA
9998,test,SIRA
9999,train,SIRA
10000,train,SIRA
10001,train,SIRA
10002,train,SIRA
10003,train,SIRA
10004,train,SIRA
10005,train,SIRA
10006,train,SIRA
10007,validation,SIRA
10008,train,SIRA
10009,train,SIRA
10010,train,SIRA
10011,train,SIRA
10012,test,SIRA
10013,train,SIRA
10014,train,SIRA
10015,test,SIRA
10016,train,SIRA
10017,test,SIRA
10018,train,SIRA
10019,validation,SIRA
10020,train,SIRA
10021,train,SIRA
10022,test,SIRA
10023,test,SIRA
10024,train,SIRA
10025,train,SIRA
10026,validation,SIRA
10027,train,SIRA
10028,train,SIRA
10029,validation,SIRA
10030,test,SIRA
10031,train,SIRA
10032,test,SIRA
10033,train,SIRA
10034,test,SIRA
10035,test,SIRA
10036,train,SIRA
10037,train,SIRA
10038,train,SIRA
10039,train,SIRA
10040,train,SIRA
10041,train,SIRA
10042,train,SIRA
10043,test,SIRA
10044,train,SIRA
10045,test,SIRA
10046,validation,SIRA
10047,train,SIRA
10048,train,SIRA
10049,train,SIRA
10050,train,SIRA
10051,train,SIRA
10052,train,SIRA
10053,train,SIRA
10054,train,SIRA
10055,train,SIRA
10056,test,SIRA
10057,train,SIRA
10058,train,SIRA
10059,train,SIRA
10060,train,SIRA
10061,train,SIRA
10062,validation,SIRA
10063,train,SIRA
10064,test,SIRA
10065,train,DERMASON
10066,train,DERMASON
10067,train,DERMASON
10068,train,DERMASON
10069,train,DERMASON
10070,train,DERMASON
10071,train,DERMASON
10072,test,DERMASON
10073,train,DERMASON
10074,validation,DERMASON
10075,train,DERMASON
10076,train,DERMASON
10077,train,DERMASON
10078,train,DERMASON
10079,train,DERMASON
10080,train,DERMASON
10081,train,DERMASON
10082,train,DERMASON
10083,test,DERMASON
10084,train,DERMASON
10085,train,DERMASON
10086,validation,DERMASON
10087,validation,DERMASON
10088,train,DERMASON
10089,test,DERMASON
10090,test,DERMASON
10091,train,DERMASON
10092,train,DERMASON
10093,train,DERMASON
10094,train,DERMASON
10095,train,DERMASON
10096,train,DERMASON
10097,validation,DERMASON
10098,train,DERMASON
10099,train,DERMASON
10100,train,DERMASON
10101,train,DERMASON
10102,train,DERMASON
10103,train,DERMASON
10104,validation,DERMASON
10105,train,DERMASON
10106,train,DERMASON
10107,validation,DERMASON
10108,train,DERMASON
10109,train,DERMASON
10110,train,DERMASON
10111,train,DERMASON
10112,train,DERMASON
10113,train,DERMASON
10114,test,DERMASON
10115,train,DERMASON
10116,train,DERMASON
10117,validation,DERMASON
10118,train,DERMASON
10119,train,DERMASON
10120,train,DERMASON
10121,train,DERMASON
10122,train,DERMASON
10123,train,DERMASON
10124,train,DERMASON
10125,test,DERMASON
10126,train,DERMASON
10127,test,DERMASON
10128,train,DERMASON
10129,test,DERMASON
10130,train,DERMASON
10131,train,DERMASON
10132,train,DERMASON
10133,validation,DERMASON
10134,train,DERMASON
10135,validation,DERMASON
10136,train,DERMASON
10137,validation,DERMASON
10138,train,DERMASON
10139,train,DERMASON
10140,train,DERMASON
10141,train,DERMASON
10142,validation,DERMASON
10143,train,DERMASON
10144,train,DERMASON
10145,train,DERMASON
10146,train,DERMASON
10147,test,DERMASON
10148,test,DERMASON
10149,train,DERMASON
10150,test,DERMASON
10151,validation,DERMASON
10152,train,DERMASON
10153,train,DERMASON
10154,train,DERMASON
10155,train,DERMASON
10156,train,DERMASON
10157,test,DERMASON
10158,train,DERMASON
10159,train,DERMASON
10160,train,DERMASON
10161,train,DERMASON
10162,train,DERMASON
10163,train,DERMASON
10164,validation,DERMASON
10165,train,DERMASON
10166,train,DERMASON
10167,train,DERMASON
10168,validation,DERMASON
10169,test,DERMASON
10170,train,DERMASON
10171,train,DERMASON
10172,train,DERMASON
10173,train,DERMASON
10174,train,DERMASON
10175,train,DERMASON
10176,validation,DERMASON
10177,test,DERMASON
10178,train,DERMASON
10179,validation,DERMASON
10180,validation,DERMASON
10181,train,DERMASON
10182,validation,DERMASON
10183,test,DERMASON
10184,train,DERMASON
10185,test,DERMASON
10186,train,DERMASON
10187,train,DERMASON
10188,train,DERMASON
10189,train,DERMASON
10190,train,DERMASON
10191,train,DERMASON
10192,validation,DERMASON
10193,train,DERMASON
10194,train,DERMASON
10195,train,DERMASON
10196,train,DERMASON
10197,train,DERMASON
10198,train,DERMASON
10199,validation,DERMASON
10200,train,DERMASON
10201,test,DERMASON
10202,train,DERMASON
10203,train,DERMASON
10204,test,DERMASON
10205,validation,DERMASON
10206,train,DERMASON
10207,train,DERMASON
10208,train,DERMASON
10209,train,DERMASON
10210,train,DERMASON
10211,validation,DERMASON
10212,train,DERMASON
10213,train,DERMASON
10214,train,DERMASON
10215,test,DERMASON
10216,train,DERMASON
10217,validation,DERMASON
10218,validation,DERMASON
10219,train,DERMASON
10220,train,DERMASON
10221,train,DERMASON
10222,train,DERMASON
10223,validation,DERMASON
10224,test,DERMASON
10225,train,DERMASON
10226,validation,DERMASON
10227,train,DERMASON
10228,train,DERMASON
10229,train,DERMASON
10230,train,DERMASON
10231,validation,DERMASON
10232,train,DERMASON
10233,train,DERMASON
10234,train,DERMASON
10235,test,DERMASON
10236,train,DERMASON
10237,train,DERMASON
10238,train,DERMASON
10239,validation,DERMASON
10240,validation,DERMASON
10241,train,DERMASON
10242,train,DERMASON
10243,train,DERMASON
10244,train,DERMASON
10245,test,DERMASON
10246,train,DERMASON
10247,validation,DERMASON
10248,train,DERMASON
10249,train,DERMASON
10250,train,DERMASON
10251,test,DERMASON
10252,validation,DERMASON
10253,train,DERMASON
10254,train,DERMASON
10255,train,DERMASON
10256,validation,DERMASON
10257,validation,DERMASON
10258,train,DERMASON
10259,test,DERMASON
10260,test,DERMASON
10261,train,DERMASON
10262,validation,DERMASON
10263,train,DERMASON
10264,train,DERMASON
10265,test,DERMASON
10266,test,DERMASON
10267,train,DERMASON
10268,train,DERMASON
10269,test,DERMASON
10270,validation,DERMASON
10271,train,DERMASON
10272,validation,DERMASON
10273,train,DERMASON
10274,train,DERMASON
10275,train,DERMASON
10276,validation,DERMASON
10277,validation,DERMASON
10278,train,DERMASON
10279,validation,DERMASON
10280,validation,DERMASON
10281,train,DERMASON
10282,train,DERMASON
10283,validation,DERMASON
10284,train,DERMASON
10285,test,DERMASON
10286,train,DERMASON
10287,train,DERMASON
10288,train,DERMASON
10289,test,DERMASON
10290,train,DERMASON
10291,validation,DERMASON
10292,train,DERMASON
10293,train,DERMASON
10294,train,DERMASON
10295,train,DERMASON
10296,train,DERMASON
10297,test,DERMASON
10298,train,DERMASON
10299,test,DERMASON
10300,train,DERMASON
10301,train,DERMASON
10302,train,DERMASON
10303,test,DERMASON
10304,train,DERMASON
10305,train,DERMASON
10306,test,DERMASON
10307,train,DERMASON
10308,train,DERMASON
10309,test,DERMASON
10310,train,DERMASON
10311,train,DERMASON
10312,train,DERMASON
10313,train,DERMASON
10314,train,DERMASON
10315,validation,DERMASON
10316,train,DERMASON
10317,train,DERMASON
10318,validation,DERMASON
10319,train,DERMASON
10320,test,DERMASON
10321,validation,DERMASON
10322,train,DERMASON
10323,train,DERMASON
10324,train,DERMASON
10325,train,DERMASON
10326,validation,DERMASON
10327,train,DERMASON
10328,train,DERMASON
10329,train,DERMASON
10330,train,DERMASON
10331,train,DERMASON
10332,train,DERMASON
10333,train,DERMASON
10334,train,DERMASON
10335,test,DERMASON
10336,validation,DERMASON
10337,train,DERMASON
10338,test,DERMASON
10339,test,DERMASON
10340,train,DERMASON
10341,validation,DERMASON
10342,validation,DERMASON
10343,test,DERMASON
10344,train,DERMASON
10345,train,DERMASON
10346,train,DERMASON
10347,train,DERMASON
10348,test,DERMASON
10349,train,DERMASON
10350,train,DERMASON
10351,train,DERMASON
10352,train,DERMASON
10353,test,DERMASON
10354,validation,DERMASON
10355,train,DERMASON
10356,train,DERMASON
10357,train,DERMASON
10358,train,DERMASON
10359,test,DERMASON
10360,train,DERMASON
10361,train,DERMASON
10362,train,DERMASON
10363,train,DERMASON
10364,train,DERMASON
10365,validation,DERMASON
10366,train,DERMASON
10367,train,DERMASON
10368,train,DERMASON
10369,test,DERMASON
10370,test,DERMASON
10371,test,DERMASON
10372,train,DERMASON
10373,train,DERMASON
10374,validation,DERMASON
10375,train,DERMASON
10376,train,DERMASON
10377,validation,DERMASON
10378,validation,DERMASON
10379,validation,DERMASON
10380,train,DERMASON
10381,train,DERMASON
10382,train,DERMASON
10383,train,DERMASON
10384,train,DERMASON
10385,train,DERMASON
10386,train,DERMASON
10387,train,DERMASON
10388,train,DERMASON
10389,train,DERMASON
10390,train,DERMASON
10391,validation,DERMASON
10392,train,DERMASON
10393,validation,DERMASON
10394,train,DERMASON
10395,validation,DERMASON
10396,train,DERMASON
10397,train,DERMASON
10398,train,DERMASON
10399,train,DERMASON
10400,train,DERMASON
10401,train,DERMASON
10402,validation,DERMASON
10403,test,DERMASON
10404,train,DERMASON
10405,train,DERMASON
10406,validation,DERMASON
10407,train,DERMASON
10408,train,DERMASON
10409,train,DERMASON
10410,train,DERMASON
10411,train,DERMASON
10412,train,DERMASON
10413,test,DERMASON
10414,train,DERMASON
10415,train,DERMASON
10416,train,DERMASON
10417,train,DERMASON
10418,test,DERMASON
10419,train,DERMASON
10420,validation,DERMASON
10421,validation,DERMASON
10422,validation,DERMASON
10423,train,DERMASON
10424,train,DERMASON
10425,test,DERMASON
10426,train,DERMASON
10427,test,DERMASON
10428,train,DERMASON
10429,train,DERMASON
10430,train,DERMASON
10431,validation,DERMASON
10432,train,DERMASON
10433,test,DERMASON
10434,validation,DERMASON
10435,train,DERMASON
10436,train,DERMASON
10437,train,DERMASON
10438,train,DERMASON
10439,validation,DERMASON
10440,train,DERMASON
10441,train,DERMASON
10442,train,DERMASON
10443,train,DERMASON
10444,train,DERMASON
10445,train,DERMASON
10446,train,DERMASON
10447,train,DERMASON
10448,test,DERMASON
10449,train,DERMASON
10450,train,DERMASON
10451,test,DERMASON
10452,train,DERMASON
10453,train,DERMASON
10454,validation,DERMASON
10455,train,DERMASON
10456,train,DERMASON
10457,validation,DERMASON
10458,train,DERMASON
10459,train,DERMASON
10460,train,DERMASON
10461,test,DERMASON
10462,test,DERMASON
10463,train,DERMASON
10464,train,DERMASON
10465,train,DERMASON
10466,train,DERMASON
10467,test,DERMASON
10468,train,DERMASON
10469,test,DERMASON
10470,train,DERMASON
10471,test,DERMASON
10472,train,DERMASON
10473,train,DERMASON
10474,train,DERMASON
10475,train,DERMASON
10476,test,DERMASON
10477,test,DERMASON
10478,validation,DERMASON
10479,train,DERMASON
10480,train,DERMASON
10481,train,DERMASON
10482,train,DERMASON
10483,train,DERMASON
10484,test,DERMASON
10485,train,DERMASON
10486,train,DERMASON
10487,train,DERMASON
10488,train,DERMASON
10489,validation,DERMASON
10490,train,DERMASON
10491,train,DERMASON
10492,test,DERMASON
10493,train,DERMASON
10494,train,DERMASON
10495,validation,DERMASON
10496,train,DERMASON
10497,train,DERMASON
10498,test,DERMASON
10499,train,DERMASON
10500,train,DERMASON
10501,test,DERMASON
10502,train,DERMASON
10503,train,DERMASON
10504,train,DERMASON
10505,train,DERMASON
10506,train,DERMASON
10507,validation,DERMASON
10508,train,DERMASON
10509,test,DERMASON
10510,train,DERMASON
10511,train,DERMASON
10512,train,DERMASON
10513,test,DERMASON
10514,validation,DERMASON
10515,validation,DERMASON
10516,test,DERMASON
10517,train,DERMASON
10518,train,DERMASON
10519,train,DERMASON
10520,train,DERMASON
10521,validation,DERMASON
10522,train,DERMASON
10523,train,DERMASON
10524,train,DERMASON
10525,validation,DERMASON
10526,validation,DERMASON
10527,train,DERMASON
10528,validation,DERMASON
10529,train,DERMASON
10530,train,DERMASON
10531,train,DERMASON
10532,train,DERMASON
10533,train,DERMASON
10534,train,DERMASON
10535,test,DERMASON
10536,train,DERMASON
10537,train,DERMASON
10538,train,DERMASON
10539,test,DERMASON
10540,train,DERMASON
10541,train,DERMASON
10542,train,DERMASON
10543,train,DERMASON
10544,train,DERMASON
10545,validation,DERMASON
10546,train,DERMASON
10547,train,DERMASON
10548,test,DERMASON
10549,validation,DERMASON
10550,train,DERMASON
10551,train,DERMASON
10552,train,DERMASON
10553,test,DERMASON
10554,test,DERMASON
10555,test,DERMASON
10556,train,DERMASON
10557,validation,DERMASON
10558,test,DERMASON
10559,validation,DERMASON
10560,validation,DERMASON
10561,train,DERMASON
10562,train,DERMASON
10563,test,DERMASON
10564,test,DERMASON
10565,train,DERMASON
10566,train,DERMASON
10567,train,DERMASON
10568,train,DERMASON
10569,test,DERMASON
10570,train,DERMASON
10571,train,DERMASON
10572,train,DERMASON
10573,test,DERMASON
10574,train,DERMASON
10575,train,DERMASON
10576,train,DERMASON
10577,train,DERMASON
10578,train,DERMASON
10579,train,DERMASON
10580,validation,DERMASON
10581,validation,DERMASON
10582,validation,DERMASON
10583,train,DERMASON
10584,test,DERMASON
10585,validation,DERMASON
10586,train,DERMASON
10587,validation,DERMASON
10588,train,DERMASON
10589,test,DERMASON
10590,train,DERMASON
10591,train,DERMASON
10592,train,DERMASON
10593,validation,DERMASON
10594,train,DERMASON
10595,train,DERMASON
10596,train,DERMASON
10597,validation,DERMASON
10598,train,DERMASON
10599,train,DERMASON
10600,train,DERMASON
10601,train,DERMASON
10602,train,DERMASON
10603,train,DERMASON
10604,validation,DERMASON
10605,test,DERMASON
10606,validation,DERMASON
10607,train,DERMASON
10608,train,DERMASON
10609,train,DERMASON
10610,train,DERMASON
10611,validation,DERMASON
10612,train,DERMASON
10613,train,DERMASON
10614,train,DERMASON
10615,train,DERMASON
10616,test,DERMASON
10617,train,DERMASON
10618,train,DERMASON
10619,train,DERMASON
10620,train,DERMASON
10621,train,DERMASON
10622,test,DERMASON
10623,train,DERMASON
10624,test,DERMASON
10625,validation,DERMASON
10626,train,DERMASON
10627,train,DERMASON
10628,train,DERMASON
10629,train,DERMASON
10630,train,DERMASON
10631,test,DERMASON
10632,test,DERMASON
10633,validation,DERMASON
10634,train,DERMASON
10635,train,DERMASON
10636,train,DERMASON
10637,train,DERMASON
10638,train,DERMASON
10639,train,DERMASON
10640,train,DERMASON
10641,train,DERMASON
10642,train,DERMASON
10643,validation,DERMASON
10644,test,DERMASON
10645,validation,DERMASON
10646,validation,DERMASON
10647,train,DERMASON
10648,train,DERMASON
10649,train,DERMASON
10650,train,DERMASON
10651,train,DERMASON
10652,train,DERMASON
10653,train,DERMASON
10654,train,DERMASON
10655,train,DERMASON
10656,train,DERMASON
10657,train,DERMASON
10658,train,DERMASON
10659,test,DERMASON
10660,test,DERMASON
10661,test,DERMASON
10662,train,DERMASON
10663,train,DERMASON
10664,train,DERMASON
10665,validation,DERMASON
10666,train,DERMASON
10667,test,DERMASON
10668,train,DERMASON
10669,train,DERMASON
10670,train,DERMASON
10671,train,DERMASON
10672,train,DERMASON
10673,train,DERMASON
10674,test,DERMASON
10675,train,DERMASON
10676,train,DERMASON
10677,train,DERMASON
10678,train,DERMASON
10679,validation,DERMASON
10680,validation,DERMASON
10681,train,DERMASON
10682,validation,DERMASON
10683,test,DERMASON
10684,validation,DERMASON
10685,train,DERMASON
10686,test,DERMASON
10687,train,DERMASON
10688,train,DERMASON
10689,train,DERMASON
10690,train,DERMASON
10691,train,DERMASON
10692,train,DERMASON
10693,validation,DERMASON
10694,train,DERMASON
10695,test,DERMASON
10696,validation,DERMASON
10697,test,DERMASON
10698,validation,DERMASON
10699,train,DERMASON
10700,train,DERMASON
10701,train,DERMASON
10702,test,DERMASON
10703,train,DERMASON
10704,train,DERMASON
10705,train,DERMASON
10706,train,DERMASON
10707,train,DERMASON
10708,validation,DERMASON
10709,validation,DERMASON
10710,validation,DERMASON
10711,train,DERMASON
10712,test,DERMASON
10713,test,DERMASON
10714,train,DERMASON
10715,validation,DERMASON
10716,train,DERMASON
10717,train,DERMASON
10718,train,DERMASON
10719,train,DERMASON
10720,train,DERMASON
10721,train,DERMASON
10722,train,DERMASON
10723,validation,DERMASON
10724,test,DERMASON
10725,validation,DERMASON
10726,validation,DERMASON
10727,train,DERMASON
10728,train,DERMASON
10729,test,DERMASON
10730,train,DERMASON
10731,test,DERMASON
10732,test,DERMASON
10733,validation,DERMASON
10734,train,DERMASON
10735,train,DERMASON
10736,train,DERMASON
10737,train,DERMASON
10738,test,DERMASON
10739,validation,DERMASON
10740,train,DERMASON
10741,train,DERMASON
10742,train,DERMASON
10743,train,DERMASON
10744,test,DERMASON
10745,test,DERMASON
10746,train,DERMASON
10747,train,DERMASON
10748,train,DERMASON
10749,validation,DERMASON
10750,validation,DERMASON
10751,train,DERMASON
10752,train,DERMASON
10753,train,DERMASON
10754,validation,DERMASON
10755,validation,DERMASON
10756,train,DERMASON
10757,validation,DERMASON
10758,train,DERMASON
10759,train,DERMASON
10760,train,DERMASON
10761,train,DERMASON
10762,train,DERMASON
10763,train,DERMASON
10764,validation,DERMASON
10765,test,DERMASON
10766,train,DERMASON
10767,train,DERMASON
10768,train,DERMASON
10769,train,DERMASON
10770,train,DERMASON
10771,train,DERMASON
10772,train,DERMASON
10773,validation,DERMASON
10774,train,DERMASON
10775,train,DERMASON
10776,train,DERMASON
10777,train,DERMASON
10778,train,DERMASON
10779,train,DERMASON
10780,train,DERMASON
10781,train,DERMASON
10782,validation,DERMASON
10783,train,DERMASON
10784,validation,DERMASON
10785,test,DERMASON
10786,train,DERMASON
10787,train,DERMASON
10788,train,DERMASON
10789,train,DERMASON
10790,validation,DERMASON
10791,train,DERMASON
10792,train,DERMASON
10793,train,DERMASON
10794,train,DERMASON
10795,train,DERMASON
10796,train,DERMASON
10797,train,DERMASON
10798,train,DERMASON
10799,train,DERMASON
10800,train,DERMASON
10801,train,DERMASON
10802,train,DERMASON
10803,train,DERMASON
10804,test,DERMASON
10805,train,DERMASON
10806,test,DERMASON
10807,train,DERMASON
10808,train,DERMASON
10809,validation,DERMASON
10810,validation,DERMASON
10811,train,DERMASON
10812,train,DERMASON
10813,train,DERMASON
10814,train,DERMASON
10815,train,DERMASON
10816,train,DERMASON
10817,train,DERMASON
10818,train,DERMASON
10819,train,DERMASON
10820,train,DERMASON
10821,train,DERMASON
10822,test,DERMASON
10823,test,DERMASON
10824,test,DERMASON
10825,train,DERMASON
10826,train,DERMASON
10827,test,DERMASON
10828,train,DERMASON
10829,train,DERMASON
10830,train,DERMASON
10831,train,DERMASON
10832,train,DERMASON
10833,train,DERMASON
10834,train,DERMASON
10835,train,DERMASON
10836,train,DERMASON
10837,train,DERMASON
10838,train,DERMASON
10839,train,DERMASON
10840,validation,DERMASON
10841,train,DERMASON
10842,test,DERMASON
10843,train,DERMASON
10844,train,DERMASON
10845,train,DERMASON
10846,train,DERMASON
10847,train,DERMASON
10848,train,DERMASON
10849,train,DERMASON
10850,train,DERMASON
10851,train,DERMASON
10852,train,DERMASON
10853,train,DERMASON
10854,train,DERMASON
10855,train,DERMASON
10856,train,DERMASON
10857,test,DERMASON
10858,train,DERMASON
10859,train,DERMASON
10860,train,DERMASON
10861,validation,DERMASON
10862,train,DERMASON
10863,train,DERMASON
10864,train,DERMASON
10865,train,DERMASON
10866,validation,DERMASON
10867,validation,DERMASON
10868,train,DERMASON
10869,train,DERMASON
10870,train,DERMASON
10871,train,DERMASON
10872,train,DERMASON
10873,train,DERMASON
10874,train,DERMASON
10875,train,DERMASON
10876,train,DERMASON
10877,train,DERMASON
10878,train,DERMASON
10879,train,DERMASON
10880,train,DERMASON
10881,validation,DERMASON
10882,test,DERMASON
10883,validation,DERMASON
10884,train,DERMASON
10885,validation,DERMASON
10886,test,DERMASON
10887,validation,DERMASON
10888,train,DERMASON
10889,test,DERMASON
10890,train,DERMASON
10891,train,DERMASON
10892,train,DERMASON
10893,train,DERMASON
10894,train,DERMASON
10895,train,DERMASON
10896,test,DERMASON
10897,train,DERMASON
10898,train,DERMASON
10899,train,DERMASON
10900,train,DERMASON
10901,train,DERMASON
10902,train,DERMASON
10903,train,DERMASON
10904,test,DERMASON
10905,train,DERMASON
10906,test,DERMASON
10907,train,DERMASON
10908,test,DERMASON
10909,train,DERMASON
10910,train,DERMASON
10911,train,DERMASON
10912,train,DERMASON
10913,train,DERMASON
10914,test,DERMASON
10915,validation,DERMASON
10916,train,DERMASON
10917,train,DERMASON
10918,train,DERMASON
10919,train,DERMASON
10920,validation,DERMASON
10921,train,DERMASON
10922,train,DERMASON
10923,train,DERMASON
10924,test,DERMASON
10925,test,DERMASON
10926,train,DERMASON
10927,test,DERMASON
10928,train,DERMASON
10929,train,DERMASON
10930,train,DERMASON
10931,train,DERMASON
10932,train,DERMASON
10933,test,DERMASON
10934,test,DERMASON
10935,train,DERMASON
10936,test,DERMASON
10937,validation,DERMASON
10938,test,DERMASON
10939,validation,DERMASON
10940,train,DERMASON
10941,train,DERMASON
10942,train,DERMASON
10943,train,DERMASON
10944,train,DERMASON
10945,train,DERMASON
10946,train,DERMASON
10947,test,DERMASON
10948,test,DERMASON
10949,train,DERMASON
10950,validation,DERMASON
10951,train,DERMASON
10952,validation,DERMASON
10953,validation,DERMASON
10954,train,DERMASON
10955,test,DERMASON
10956,validation,DERMASON
10957,train,DERMASON
10958,train,DERMASON
10959,validation,DERMASON
10960,train,DERMASON
10961,train,DERMASON
10962,train,DERMASON
10963,train,DERMASON
10964,train,DERMASON
10965,train,DERMASON
10966,validation,DERMASON
10967,train,DERMASON
10968,train,DERMASON
10969,train,DERMASON
10970,validation,DERMASON
10971,train,DERMASON
10972,train,DERMASON
10973,train,DERMASON
10974,validation,DERMASON
10975,train,DERMASON
10976,train,DERMASON
10977,validation,DERMASON
10978,train,DERMASON
10979,train,DERMASON
10980,train,DERMASON
10981,train,DERMASON
10982,train,DERMASON
10983,train,DERMASON
10984,train,DERMASON
10985,train,DERMASON
10986,train,DERMASON
10987,train,DERMASON
10988,train,DERMASON
10989,test,DERMASON
10990,train,DERMASON
10991,train,DERMASON
10992,train,DERMASON
10993,validation,DERMASON
10994,test,DERMASON
10995,train,DERMASON
10996,train,DERMASON
10997,train,DERMASON
10998,train,DERMASON
10999,train,DERMASON
11000,train,DERMASON
11001,train,DERMASON
11002,train,DERMASON
11003,train,DERMASON
11004,test,DERMASON
11005,train,DERMASON
11006,test,DERMASON
11007,train,DERMASON
11008,test,DERMASON
11009,train,DERMASON
11010,test,DERMASON
11011,test,DERMASON
11012,train,DERMASON
11013,train,DERMASON
11014,test,DERMASON
11015,train,DERMASON
11016,test,DERMASON
11017,train,DERMASON
11018,train,DERMASON
11019,train,DERMASON
11020,train,DERMASON
11021,train,DERMASON
11022,train,DERMASON
11023,train,DERMASON
11024,train,DERMASON
11025,train,DERMASON
11026,train,DERMASON
11027,train,DERMASON
11028,validation,DERMASON
11029,train,DERMASON
11030,train,DERMASON
11031,train,DERMASON
11032,train,DERMASON
11033,train,DERMASON
11034,train,DERMASON
11035,train,DERMASON
11036,train,DERMASON
11037,validation,DERMASON
11038,validation,DERMASON
11039,train,DERMASON
11040,train,DERMASON
11041,test,DERMASON
11042,train,DERMASON
11043,train,DERMASON
11044,validation,DERMASON
11045,train,DERMASON
11046,train,DERMASON
11047,train,DERMASON
11048,train,DERMASON
11049,train,DERMASON
11050,train,DERMASON
11051,train,DERMASON
11052,train,DERMASON
11053,train,DERMASON
11054,validation,DERMASON
11055,test,DERMASON
11056,train,DERMASON
11057,test,DERMASON
11058,test,DERMASON
11059,train,DERMASON
11060,train,DERMASON
11061,train,DERMASON
11062,train,DERMASON
11063,train,DERMASON
11064,validation,DERMASON
11065,train,DERMASON
11066,test,DERMASON
11067,train,DERMASON
11068,train,DERMASON
11069,train,DERMASON
11070,train,DERMASON
11071,test,DERMASON
11072,validation,DERMASON
11073,train,DERMASON
11074,train,DERMASON
11075,train,DERMASON
11076,test,DERMASON
11077,train,DERMASON
11078,train,DERMASON
11079,validation,DERMASON
11080,train,DERMASON
11081,train,DERMASON
11082,train,DERMASON
11083,train,DERMASON
11084,train,DERMASON
11085,train,DERMASON
11086,train,DERMASON
11087,train,DERMASON
11088,validation,DERMASON
11089,train,DERMASON
11090,train,DERMASON
11091,train,DERMASON
11092,train,DERMASON
11093,train,DERMASON
11094,validation,DERMASON
11095,validation,DERMASON
11096,train,DERMASON
11097,train,DERMASON
11098,train,DERMASON
11099,train,DERMASON
11100,test,DERMASON
11101,validation,DERMASON
11102,train,DERMASON
11103,train,DERMASON
11104,train,DERMASON
11105,train,DERMASON
11106,train,DERMASON
11107,train,DERMASON
11108,train,DERMASON
11109,train,DERMASON
11110,validation,DERMASON
11111,train,DERMASON
11112,train,DERMASON
11113,train,DERMASON
11114,train,DERMASON
11115,validation,DERMASON
11116,validation,DERMASON
11117,train,DERMASON
11118,validation,DERMASON
11119,train,DERMASON
11120,train,DERMASON
11121,train,DERMASON
11122,train,DERMASON
11123,train,DERMASON
11124,train,DERMASON
11125,train,DERMASON
11126,train,DERMASON
11127,validation,DERMASON
11128,train,DERMASON
11129,validation,DERMASON
11130,train,DERMASON
11131,train,DERMASON
11132,test,DERMASON
11133,test,DERMASON
11134,train,DERMASON
11135,validation,DERMASON
11136,train,DERMASON
11137,validation,DERMASON
11138,train,DERMASON
11139,train,DERMASON
11140,train,DERMASON
11141,validation,DERMASON
11142,train,DERMASON
11143,train,DERMASON
11144,train,DERMASON
11145,train,DERMASON
11146,train,DERMASON
11147,test,DERMASON
11148,train,DERMASON
11149,train,DERMASON
11150,train,DERMASON
11151,train,DERMASON
11152,train,DERMASON
11153,test,DERMASON
11154,test,DERMASON
11155,train,DERMASON
11156,test,DERMASON
11157,train,DERMASON
11158,train,DERMASON
11159,train,DERMASON
11160,train,DERMASON
11161,test,DERMASON
11162,train,DERMASON
11163,test,DERMASON
11164,validation,DERMASON
11165,train,DERMASON
11166,train,DERMASON
11167,test,DERMASON
11168,train,DERMASON
11169,test,DERMASON
11170,validation,DERMASON
11171,test,DERMASON
11172,test,DERMASON
11173,train,DERMASON
11174,train,DERMASON
11175,train,DERMASON
11176,test,DERMASON
11177,train,DERMASON
11178,test,DERMASON
11179,train,DERMASON
11180,train,DERMASON
11181,validation,DERMASON
11182,train,DERMASON
11183,train,DERMASON
11184,train,DERMASON
11185,train,DERMASON
11186,train,DERMASON
11187,train,DERMASON
11188,test,DERMASON
11189,validation,DERMASON
11190,train,DERMASON
11191,test,DERMASON
11192,validation,DERMASON
11193,train,DERMASON
11194,train,DERMASON
11195,train,DERMASON
11196,train,DERMASON
11197,validation,DERMASON
11198,train,DERMASON
11199,test,DERMASON
11200,test,DERMASON
11201,train,DERMASON
11202,train,DERMASON
11203,train,DERMASON
11204,train,DERMASON
11205,train,DERMASON
11206,train,DERMASON
11207,train,DERMASON
11208,train,DERMASON
11209,train,DERMASON
11210,test,DERMASON
11211,validation,DERMASON
11212,validation,DERMASON
11213,train,DERMASON
11214,train,DERMASON
11215,train,DERMASON
11216,validation,DERMASON
11217,validation,DERMASON
11218,train,DERMASON
11219,train,DERMASON
11220,train,DERMASON
11221,train,DERMASON
11222,test,DERMASON
11223,train,DERMASON
11224,train,DERMASON
11225,train,DERMASON
11226,train,DERMASON
11227,validation,DERMASON
11228,train,DERMASON
11229,validation,DERMASON
11230,train,DERMASON
11231,train,DERMASON
11232,validation,DERMASON
11233,train,DERMASON
11234,train,DERMASON
11235,train,DERMASON
11236,train,DERMASON
11237,train,DERMASON
11238,train,DERMASON
11239,train,DERMASON
11240,train,DERMASON
11241,train,DERMASON
11242,test,DERMASON
11243,train,DERMASON
11244,train,DERMASON
11245,validation,DERMASON
11246,train,DERMASON
11247,train,DERMASON
11248,train,DERMASON
11249,validation,DERMASON
11250,train,DERMASON
11251,train,DERMASON
11252,validation,DERMASON
11253,train,DERMASON
11254,validation,DERMASON
11255,train,DERMASON
11256,test,DERMASON
11257,train,DERMASON
11258,train,DERMASON
11259,train,DERMASON
11260,train,DERMASON
11261,test,DERMASON
11262,train,DERMASON
11263,train,DERMASON
11264,train,DERMASON
11265,test,DERMASON
11266,train,DERMASON
11267,train,DERMASON
11268,train,DERMASON
11269,train,DERMASON
11270,train,DERMASON
11271,train,DERMASON
11272,train,DERMASON
11273,train,DERMASON
11274,train,DERMASON
11275,train,DERMASON
11276,validation,DERMASON
11277,train,DERMASON
11278,train,DERMASON
11279,validation,DERMASON
11280,train,DERMASON
11281,test,DERMASON
11282,train,DERMASON
11283,train,DERMASON
11284,train,DERMASON
11285,train,DERMASON
11286,train,DERMASON
11287,validation,DERMASON
11288,train,DERMASON
11289,train,DERMASON
11290,train,DERMASON
11291,train,DERMASON
11292,train,DERMASON
11293,test,DERMASON
11294,train,DERMASON
11295,train,DERMASON
11296,train,DERMASON
11297,train,DERMASON
11298,validation,DERMASON
11299,train,DERMASON
11300,train,DERMASON
11301,validation,DERMASON
11302,train,DERMASON
11303,test,DERMASON
11304,train,DERMASON
11305,train,DERMASON
11306,test,DERMASON
11307,train,DERMASON
11308,train,DERMASON
11309,train,DERMASON
11310,train,DERMASON
11311,train,DERMASON
11312,train,DERMASON
11313,train,DERMASON
11314,test,DERMASON
11315,train,DERMASON
11316,train,DERMASON
11317,train,DERMASON
11318,train,DERMASON
11319,train,DERMASON
11320,train,DERMASON
11321,train,DERMASON
11322,validation,DERMASON
11323,train,DERMASON
11324,test,DERMASON
11325,train,DERMASON
11326,train,DERMASON
11327,train,DERMASON
11328,train,DERMASON
11329,validation,DERMASON
11330,train,DERMASON
11331,train,DERMASON
11332,train,DERMASON
11333,train,DERMASON
11334,train,DERMASON
11335,test,DERMASON
11336,validation,DERMASON
11337,train,DERMASON
11338,train,DERMASON
11339,train,DERMASON
11340,test,DERMASON
11341,train,DERMASON
11342,train,DERMASON
11343,train,DERMASON
11344,train,DERMASON
11345,train,DERMASON
11346,train,DERMASON
11347,train,DERMASON
11348,test,DERMASON
11349,train,DERMASON
11350,train,DERMASON
11351,train,DERMASON
11352,train,DERMASON
11353,train,DERMASON
11354,test,DERMASON
11355,train,DERMASON
11356,train,DERMASON
11357,test,DERMASON
11358,validation,DERMASON
11359,train,DERMASON
11360,train,DERMASON
11361,test,DERMASON
11362,train,DERMASON
11363,train,DERMASON
11364,train,DERMASON
11365,train,DERMASON
11366,train,DERMASON
11367,train,DERMASON
11368,train,DERMASON
11369,validation,DERMASON
11370,train,DERMASON
11371,validation,DERMASON
11372,train,DERMASON
11373,validation,DERMASON
11374,train,DERMASON
11375,train,DERMASON
11376,train,DERMASON
11377,train,DERMASON
11378,validation,DERMASON
11379,train,DERMASON
11380,train,DERMASON
11381,validation,DERMASON
11382,train,DERMASON
11383,train,DERMASON
11384,train,DERMASON
11385,train,DERMASON
11386,train,DERMASON
11387,train,DERMASON
11388,train,DERMASON
11389,train,DERMASON
11390,train,DERMASON
11391,train,DERMASON
11392,validation,DERMASON
11393,train,DERMASON
11394,train,DERMASON
11395,train,DERMASON
11396,test,DERMASON
11397,train,DERMASON
11398,train,DERMASON
11399,validation,DERMASON
11400,train,DERMASON
11401,train,DERMASON
11402,validation,DERMASON
11403,train,DERMASON
11404,train,DERMASON
11405,train,DERMASON
11406,test,DERMASON
11407,train,DERMASON
11408,train,DERMASON
11409,train,DERMASON
11410,train,DERMASON
11411,train,DERMASON
11412,train,DERMASON
11413,test,DERMASON
11414,validation,DERMASON
11415,train,DERMASON
11416,train,DERMASON
11417,train,DERMASON
11418,train,DERMASON
11419,train,DERMASON
11420,test,DERMASON
11421,train,DERMASON
11422,train,DERMASON
11423,test,DERMASON
11424,train,DERMASON
11425,train,DERMASON
11426,validation,DERMASON
11427,train,DERMASON
11428,validation,DERMASON
11429,validation,DERMASON
11430,train,DERMASON
11431,train,DERMASON
11432,train,DERMASON
11433,train,DERMASON
11434,train,DERMASON
11435,train,DERMASON
11436,train,DERMASON
11437,train,DERMASON
11438,train,DERMASON
11439,train,DERMASON
11440,train,DERMASON
11441,train,DERMASON
11442,validation,DERMASON
11443,test,DERMASON
11444,train,DERMASON
11445,validation,DERMASON
11446,validation,DERMASON
11447,train,DERMASON
11448,train,DERMASON
11449,train,DERMASON
11450,train,DERMASON
11451,train,DERMASON
11452,validation,DERMASON
11453,train,DERMASON
11454,validation,DERMASON
11455,validation,DERMASON
11456,validation,DERMASON
11457,validation,DERMASON
11458,train,DERMASON
11459,train,DERMASON
11460,train,DERMASON
11461,train,DERMASON
11462,train,DERMASON
11463,train,DERMASON
11464,train,DERMASON
11465,train,DERMASON
11466,test,DERMASON
11467,train,DERMASON
11468,test,DERMASON
11469,train,DERMASON
11470,train,DERMASON
11471,train,DERMASON
11472,train,DERMASON
11473,train,DERMASON
11474,train,DERMASON
11475,train,DERMASON
11476,train,DERMASON
11477,train,DERMASON
11478,validation,DERMASON
11479,train,DERMASON
11480,validation,DERMASON
11481,train,DERMASON
11482,test,DERMASON
11483,train,DERMASON
11484,train,DERMASON
11485,train,DERMASON
11486,train,DERMASON
11487,test,DERMASON
11488,train,DERMASON
11489,test,DERMASON
11490,train,DERMASON
11491,train,DERMASON
11492,test,DERMASON
11493,train,DERMASON
11494,train,DERMASON
11495,train,DERMASON
11496,train,DERMASON
11497,test,DERMASON
11498,train,DERMASON
11499,test,DERMASON
11500,test,DERMASON
11501,train,DERMASON
11502,validation,DERMASON
11503,train,DERMASON
11504,train,DERMASON
11505,train,DERMASON
11506,train,DERMASON
11507,train,DERMASON
11508,train,DERMASON
11509,test,DERMASON
11510,train,DERMASON
11511,train,DERMASON
11512,train,DERMASON
11513,train,DERMASON
11514,train,DERMASON
11515,train,DERMASON
11516,train,DERMASON
11517,train,DERMASON
11518,train,DERMASON
11519,train,DERMASON
11520,train,DERMASON
11521,test,DERMASON
11522,train,DERMASON
11523,train,DERMASON
11524,test,DERMASON
11525,train,DERMASON
11526,validation,DERMASON
11527,train,DERMASON
11528,train,DERMASON
11529,validation,DERMASON
11530,train,DERMASON
11531,test,DERMASON
11532,train,DERMASON
11533,train,DERMASON
11534,validation,DERMASON
11535,train,DERMASON
11536,train,DERMASON
11537,test,DERMASON
11538,test,DERMASON
11539,train,DERMASON
11540,validation,DERMASON
11541,validation,DERMASON
11542,train,DERMASON
11543,test,DERMASON
11544,test,DERMASON
11545,train,DERMASON
11546,validation,DERMASON
11547,validation,DERMASON
11548,train,DERMASON
11549,train,DERMASON
11550,train,DERMASON
11551,train,DERMASON
11552,train,DERMASON
11553,train,DERMASON
11554,test,DERMASON
11555,train,DERMASON
11556,validation,DERMASON
11557,train,DERMASON
11558,train,DERMASON
11559,test,DERMASON
11560,train,DERMASON
11561,train,DERMASON
11562,validation,DERMASON
11563,train,DERMASON
11564,train,DERMASON
11565,train,DERMASON
11566,train,DERMASON
11567,train,DERMASON
11568,test,DERMASON
11569,train,DERMASON
11570,train,DERMASON
11571,test,DERMASON
11572,train,DERMASON
11573,train,DERMASON
11574,train,DERMASON
11575,train,DERMASON
11576,train,DERMASON
11577,train,DERMASON
11578,train,DERMASON
11579,train,DERMASON
11580,train,DERMASON
11581,validation,DERMASON
11582,train,DERMASON
11583,test,DERMASON
11584,test,DERMASON
11585,train,DERMASON
11586,train,DERMASON
11587,test,DERMASON
11588,train,DERMASON
11589,test,DERMASON
11590,test,DERMASON
11591,test,DERMASON
11592,train,DERMASON
11593,train,DERMASON
11594,train,DERMASON
11595,train,DERMASON
11596,train,DERMASON
11597,validation,DERMASON
11598,train,DERMASON
11599,test,DERMASON
11600,train,DERMASON
11601,train,DERMASON
11602,validation,DERMASON
11603,test,DERMASON
11604,train,DERMASON
11605,train,DERMASON
11606,validation,DERMASON
11607,train,DERMASON
11608,train,DERMASON
11609,train,DERMASON
11610,train,DERMASON
11611,validation,DERMASON
11612,train,DERMASON
11613,validation,DERMASON
11614,test,DERMASON
11615,train,DERMASON
11616,validation,DERMASON
11617,validation,DERMASON
11618,train,DERMASON
11619,train,DERMASON
11620,train,DERMASON
11621,test,DERMASON
11622,train,DERMASON
11623,train,DERMASON
11624,train,DERMASON
11625,train,DERMASON
11626,train,DERMASON
11627,train,DERMASON
11628,train,DERMASON
11629,train,DERMASON
11630,train,DERMASON
11631,train,DERMASON
11632,validation,DERMASON
11633,train,DERMASON
11634,train,DERMASON
11635,train,DERMASON
11636,test,DERMASON
11637,validation,DERMASON
11638,validation,DERMASON
11639,train,DERMASON
11640,train,DERMASON
11641,validation,DERMASON
11642,train,DERMASON
11643,train,DERMASON
11644,train,DERMASON
11645,train,DERMASON
11646,test,DERMASON
11647,train,DERMASON
11648,validation,DERMASON
11649,train,DERMASON
11650,train,DERMASON
11651,train,DERMASON
11652,validation,DERMASON
11653,test,DERMASON
11654,test,DERMASON
11655,test,DERMASON
11656,train,DERMASON
11657,test,DERMASON
11658,train,DERMASON
11659,test,DERMASON
11660,train,DERMASON
11661,train,DERMASON
11662,validation,DERMASON
11663,test,DERMASON
11664,train,DERMASON
11665,train,DERMASON
11666,train,DERMASON
11667,train,DERMASON
11668,validation,DERMASON
11669,train,DERMASON
11670,test,DERMASON
11671,train,DERMASON
11672,train,DERMASON
11673,train,DERMASON
11674,train,DERMASON
11675,train,DERMASON
11676,train,DERMASON
11677,train,DERMASON
11678,train,DERMASON
11679,train,DERMASON
11680,train,DERMASON
11681,train,DERMASON
11682,train,DERMASON
11683,train,DERMASON
11684,test,DERMASON
11685,train,DERMASON
11686,validation,DERMASON
11687,train,DERMASON
11688,train,DERMASON
11689,validation,DERMASON
11690,test,DERMASON
11691,validation,DERMASON
11692,train,DERMASON
11693,train,DERMASON
11694,validation,DERMASON
11695,train,DERMASON
11696,train,DERMASON
11697,train,DERMASON
11698,train,DERMASON
11699,train,DERMASON
11700,train,DERMASON
11701,test,DERMASON
11702,validation,DERMASON
11703,test,DERMASON
11704,train,DERMASON
11705,train,DERMASON
11706,train,DERMASON
11707,validation,DERMASON
11708,train,DERMASON
11709,train,DERMASON
11710,train,DERMASON
11711,train,DERMASON
11712,test,DERMASON
11713,train,DERMASON
11714,train,DERMASON
11715,train,DERMASON
11716,train,DERMASON
11717,train,DERMASON
11718,train,DERMASON
11719,train,DERMASON
11720,train,DERMASON
11721,train,DERMASON
11722,train,DERMASON
11723,validation,DERMASON
11724,test,DERMASON
11725,train,DERMASON
11726,test,DERMASON
11727,train,DERMASON
11728,train,DERMASON
11729,train,DERMASON
11730,train,DERMASON
11731,train,DERMASON
11732,train,DERMASON
11733,train,DERMASON
11734,train,DERMASON
11735,train,DERMASON
11736,train,DERMASON
11737,train,DERMASON
11738,test,DERMASON
11739,train,DERMASON
11740,test,DERMASON
11741,validation,DERMASON
11742,train,DERMASON
11743,train,DERMASON
11744,train,DERMASON
11745,validation,DERMASON
11746,validation,DERMASON
11747,train,DERMASON
11748,train,DERMASON
11749,train,DERMASON
11750,train,DERMASON
11751,train,DERMASON
11752,test,DERMASON
11753,validation,DERMASON
11754,train,DERMASON
11755,train,DERMASON
11756,test,DERMASON
11757,test,DERMASON
11758,validation,DERMASON
11759,train,DERMASON
11760,train,DERMASON
11761,validation,DERMASON
11762,test,DERMASON
11763,train,DERMASON
11764,train,DERMASON
11765,validation,DERMASON
11766,train,DERMASON
11767,train,DERMASON
11768,train,DERMASON
11769,train,DERMASON
11770,test,DERMASON
11771,train,DERMASON
11772,train,DERMASON
11773,train,DERMASON
11774,train,DERMASON
11775,train,DERMASON
11776,train,DERMASON
11777,test,DERMASON
11778,train,DERMASON
11779,validation,DERMASON
11780,train,DERMASON
11781,train,DERMASON
11782,validation,DERMASON
11783,train,DERMASON
11784,train,DERMASON
11785,train,DERMASON
11786,train,DERMASON
11787,validation,DERMASON
11788,validation,DERMASON
11789,train,DERMASON
11790,train,DERMASON
11791,train,DERMASON
11792,train,DERMASON
11793,train,DERMASON
11794,train,DERMASON
11795,train,DERMASON
11796,train,DERMASON
11797,train,DERMASON
11798,train,DERMASON
11799,train,DERMASON
11800,train,DERMASON
11801,validation,DERMASON
11802,train,DERMASON
11803,train,DERMASON
11804,test,DERMASON
11805,train,DERMASON
11806,train,DERMASON
11807,validation,DERMASON
11808,train,DERMASON
11809,train,DERMASON
11810,train,DERMASON
11811,validation,DERMASON
11812,train,DERMASON
11813,train,DERMASON
11814,train,DERMASON
11815,train,DERMASON
11816,test,DERMASON
11817,validation,DERMASON
11818,train,DERMASON
11819,train,DERMASON
11820,train,DERMASON
11821,train,DERMASON
11822,test,DERMASON
11823,train,DERMASON
11824,validation,DERMASON
11825,train,DERMASON
11826,train,DERMASON
11827,train,DERMASON
11828,train,DERMASON
11829,train,DERMASON
11830,train,DERMASON
11831,train,DERMASON
11832,validation,DERMASON
11833,train,DERMASON
11834,train,DERMASON
11835,train,DERMASON
11836,train,DERMASON
11837,validation,DERMASON
11838,train,DERMASON
11839,train,DERMASON
11840,train,DERMASON
11841,validation,DERMASON
11842,validation,DERMASON
11843,train,DERMASON
11844,validation,DERMASON
11845,train,DERMASON
11846,train,DERMASON
11847,train,DERMASON
11848,train,DERMASON
11849,train,DERMASON
11850,train,DERMASON
11851,train,DERMASON
11852,test,DERMASON
11853,test,DERMASON
11854,train,DERMASON
11855,train,DERMASON
11856,train,DERMASON
11857,test,DERMASON
11858,train,DERMASON
11859,train,DERMASON
11860,train,DERMASON
11861,train,DERMASON
11862,train,DERMASON
11863,train,DERMASON
11864,test,DERMASON
11865,train,DERMASON
11866,train,DERMASON
11867,train,DERMASON
11868,train,DERMASON
11869,train,DERMASON
11870,train,DERMASON
11871,train,DERMASON
11872,train,DERMASON
11873,test,DERMASON
11874,test,DERMASON
11875,train,DERMASON
11876,train,DERMASON
11877,train,DERMASON
11878,test,DERMASON
11879,train,DERMASON
11880,validation,DERMASON
11881,train,DERMASON
11882,train,DERMASON
11883,test,DERMASON
11884,train,DERMASON
11885,train,DERMASON
11886,train,DERMASON
11887,test,DERMASON
11888,train,DERMASON
11889,test,DERMASON
11890,train,DERMASON
11891,test,DERMASON
11892,validation,DERMASON
11893,train,DERMASON
11894,train,DERMASON
11895,train,DERMASON
11896,train,DERMASON
11897,train,DERMASON
11898,train,DERMASON
11899,test,DERMASON
11900,train,DERMASON
11901,train,DERMASON
11902,validation,DERMASON
11903,validation,DERMASON
11904,train,DERMASON
11905,train,DERMASON
11906,train,DERMASON
11907,train,DERMASON
11908,validation,DERMASON
11909,train,DERMASON
11910,test,DERMASON
11911,train,DERMASON
11912,validation,DERMASON
11913,train,DERMASON
11914,test,DERMASON
11915,train,DERMASON
11916,train,DERMASON
11917,train,DERMASON
11918,train,DERMASON
11919,train,DERMASON
11920,validation,DERMASON
11921,validation,DERMASON
11922,train,DERMASON
11923,train,DERMASON
11924,train,DERMASON
11925,train,DERMASON
11926,train,DERMASON
11927,train,DERMASON
11928,train,DERMASON
11929,train,DERMASON
11930,train,DERMASON
11931,train,DERMASON
11932,train,DERMASON
11933,train,DERMASON
11934,train,DERMASON
11935,train,DERMASON
11936,train,DERMASON
11937,train,DERMASON
11938,test,DERMASON
11939,train,DERMASON
11940,train,DERMASON
11941,train,DERMASON
11942,test,DERMASON
11943,validation,DERMASON
11944,train,DERMASON
11945,train,DERMASON
11946,train,DERMASON
11947,train,DERMASON
11948,train,DERMASON
11949,validation,DERMASON
11950,train,DERMASON
11951,train,DERMASON
11952,train,DERMASON
11953,train,DERMASON
11954,train,DERMASON
11955,test,DERMASON
11956,train,DERMASON
11957,train,DERMASON
11958,train,DERMASON
11959,train,DERMASON
11960,train,DERMASON
11961,train,DERMASON
11962,train,DERMASON
11963,train,DERMASON
11964,train,DERMASON
11965,validation,DERMASON
11966,train,DERMASON
11967,train,DERMASON
11968,validation,DERMASON
11969,train,DERMASON
11970,train,DERMASON
11971,train,DERMASON
11972,validation,DERMASON
11973,train,DERMASON
11974,test,DERMASON
11975,train,DERMASON
11976,test,DERMASON
11977,train,DERMASON
11978,validation,DERMASON
11979,test,DERMASON
11980,train,DERMASON
11981,train,DERMASON
11982,train,DERMASON
11983,train,DERMASON
11984,train,DERMASON
11985,test,DERMASON
11986,train,DERMASON
11987,train,DERMASON
11988,validation,DERMASON
11989,test,DERMASON
11990,train,DERMASON
11991,train,DERMASON
11992,train,DERMASON
11993,train,DERMASON
11994,train,DERMASON
11995,train,DERMASON
11996,train,DERMASON
11997,test,DERMASON
11998,train,DERMASON
11999,train,DERMASON
12000,train,DERMASON
12001,train,DERMASON
12002,validation,DERMASON
12003,train,DERMASON
12004,train,DERMASON
12005,train,DERMASON
12006,train,DERMASON
12007,validation,DERMASON
12008,train,DERMASON
12009,train,DERMASON
12010,train,DERMASON
12011,validation,DERMASON
12012,test,DERMASON
12013,validation,DERMASON
12014,train,DERMASON
12015,test,DERMASON
12016,train,DERMASON
12017,train,DERMASON
12018,train,DERMASON
12019,train,DERMASON
12020,train,DERMASON
12021,train,DERMASON
12022,validation,DERMASON
12023,train,DERMASON
12024,validation,DERMASON
12025,validation,DERMASON
12026,train,DERMASON
12027,test,DERMASON
12028,train,DERMASON
12029,train,DERMASON
12030,train,DERMASON
12031,train,DERMASON
12032,train,DERMASON
12033,validation,DERMASON
12034,train,DERMASON
12035,train,DERMASON
12036,train,DERMASON
12037,train,DERMASON
12038,train,DERMASON
12039,train,DERMASON
12040,train,DERMASON
12041,train,DERMASON
12042,train,DERMASON
12043,train,DERMASON
12044,train,DERMASON
12045,train,DERMASON
12046,train,DERMASON
12047,test,DERMASON
12048,train,DERMASON
12049,train,DERMASON
12050,train,DERMASON
12051,train,DERMASON
12052,test,DERMASON
12053,validation,DERMASON
12054,train,DERMASON
12055,train,DERMASON
12056,test,DERMASON
12057,train,DERMASON
12058,validation,DERMASON
12059,test,DERMASON
12060,test,DERMASON
12061,train,DERMASON
12062,test,DERMASON
12063,train,DERMASON
12064,train,DERMASON
12065,train,DERMASON
12066,test,DERMASON
12067,train,DERMASON
12068,test,DERMASON
12069,train,DERMASON
12070,validation,DERMASON
12071,validation,DERMASON
12072,train,DERMASON
12073,test,DERMASON
12074,train,DERMASON
12075,validation,DERMASON
12076,train,DERMASON
12077,test,DERMASON
12078,train,DERMASON
12079,validation,DERMASON
12080,test,DERMASON
12081,validation,DERMASON
12082,train,DERMASON
12083,train,DERMASON
12084,test,DERMASON
12085,train,DERMASON
12086,train,DERMASON
12087,train,DERMASON
12088,train,DERMASON
12089,train,DERMASON
12090,validation,DERMASON
12091,validation,DERMASON
12092,train,DERMASON
12093,validation,DERMASON
12094,train,DERMASON
12095,validation,DERMASON
12096,train,DERMASON
12097,validation,DERMASON
12098,train,DERMASON
12099,train,DERMASON
12100,train,DERMASON
12101,train,DERMASON
12102,train,DERMASON
12103,validation,DERMASON
12104,train,DERMASON
12105,validation,DERMASON
12106,test,DERMASON
12107,train,DERMASON
12108,train,DERMASON
12109,train,DERMASON
12110,train,DERMASON
12111,train,DERMASON
12112,train,DERMASON
12113,test,DERMASON
12114,train,DERMASON
12115,validation,DERMASON
12116,train,DERMASON
12117,test,DERMASON
12118,train,DERMASON
12119,train,DERMASON
12120,train,DERMASON
12121,train,DERMASON
12122,train,DERMASON
12123,train,DERMASON
12124,validation,DERMASON
12125,train,DERMASON
12126,train,DERMASON
12127,test,DERMASON
12128,train,DERMASON
12129,test,DERMASON
12130,train,DERMASON
12131,train,DERMASON
12132,test,DERMASON
12133,validation,DERMASON
12134,train,DERMASON
12135,train,DERMASON
12136,train,DERMASON
12137,validation,DERMASON
12138,train,DERMASON
12139,train,DERMASON
12140,train,DERMASON
12141,train,DERMASON
12142,train,DERMASON
12143,validation,DERMASON
12144,validation,DERMASON
12145,train,DERMASON
12146,train,DERMASON
12147,train,DERMASON
12148,train,DERMASON
12149,train,DERMASON
12150,train,DERMASON
12151,test,DERMASON
12152,train,DERMASON
12153,train,DERMASON
12154,train,DERMASON
12155,train,DERMASON
12156,train,DERMASON
12157,test,DERMASON
12158,validation,DERMASON
12159,train,DERMASON
12160,train,DERMASON
12161,validation,DERMASON
12162,validation,DERMASON
12163,train,DERMASON
12164,test,DERMASON
12165,validation,DERMASON
12166,validation,DERMASON
12167,validation,DERMASON
12168,train,DERMASON
12169,train,DERMASON
12170,train,DERMASON
12171,train,DERMASON
12172,train,DERMASON
12173,train,DERMASON
12174,train,DERMASON
12175,train,DERMASON
12176,train,DERMASON
12177,train,DERMASON
12178,train,DERMASON
12179,train,DERMASON
12180,train,DERMASON
12181,train,DERMASON
12182,train,DERMASON
12183,train,DERMASON
12184,train,DERMASON
12185,test,DERMASON
12186,validation,DERMASON
12187,train,DERMASON
12188,validation,DERMASON
12189,train,DERMASON
12190,train,DERMASON
12191,train,DERMASON
12192,train,DERMASON
12193,train,DERMASON
12194,train,DERMASON
12195,validation,DERMASON
12196,train,DERMASON
12197,train,DERMASON
12198,train,DERMASON
12199,train,DERMASON
12200,validation,DERMASON
12201,train,DERMASON
12202,train,DERMASON
12203,train,DERMASON
12204,test,DERMASON
12205,validation,DERMASON
12206,train,DERMASON
12207,train,DERMASON
12208,train,DERMASON
12209,test,DERMASON
12210,test,DERMASON
12211,test,DERMASON
12212,train,DERMASON
12213,train,DERMASON
12214,train,DERMASON
12215,train,DERMASON
12216,validation,DERMASON
12217,train,DERMASON
12218,train,DERMASON
12219,train,DERMASON
12220,train,DERMASON
12221,test,DERMASON
12222,train,DERMASON
12223,validation,DERMASON
12224,train,DERMASON
12225,train,DERMASON
12226,validation,DERMASON
12227,train,DERMASON
12228,train,DERMASON
12229,train,DERMASON
12230,test,DERMASON
12231,train,DERMASON
12232,train,DERMASON
12233,train,DERMASON
12234,train,DERMASON
12235,validation,DERMASON
12236,train,DERMASON
12237,validation,DERMASON
12238,train,DERMASON
12239,train,DERMASON
12240,train,DERMASON
12241,test,DERMASON
12242,train,DERMASON
12243,train,DERMASON
12244,test,DERMASON
12245,train,DERMASON
12246,train,DERMASON
12247,train,DERMASON
12248,train,DERMASON
12249,train,DERMASON
12250,train,DERMASON
12251,train,DERMASON
12252,validation,DERMASON
12253,validation,DERMASON
12254,train,DERMASON
12255,train,DERMASON
12256,train,DERMASON
12257,train,DERMASON
12258,train,DERMASON
12259,train,DERMASON
12260,validation,DERMASON
12261,train,DERMASON
12262,train,DERMASON
12263,train,DERMASON
12264,train,DERMASON
12265,test,DERMASON
12266,validation,DERMASON
12267,train,DERMASON
12268,train,DERMASON
12269,test,DERMASON
12270,train,DERMASON
12271,train,DERMASON
12272,validation,DERMASON
12273,train,DERMASON
12274,validation,DERMASON
12275,train,DERMASON
12276,train,DERMASON
12277,train,DERMASON
12278,validation,DERMASON
12279,train,DERMASON
12280,train,DERMASON
12281,train,DERMASON
12282,validation,DERMASON
12283,test,DERMASON
12284,train,DERMASON
12285,train,DERMASON
12286,train,DERMASON
12287,test,DERMASON
12288,train,DERMASON
12289,test,DERMASON
12290,train,DERMASON
12291,train,DERMASON
12292,train,DERMASON
12293,train,DERMASON
12294,train,DERMASON
12295,validation,DERMASON
12296,validation,DERMASON
12297,train,DERMASON
12298,train,DERMASON
12299,train,DERMASON
12300,test,DERMASON
12301,test,DERMASON
12302,train,DERMASON
12303,train,DERMASON
12304,train,DERMASON
12305,test,DERMASON
12306,validation,DERMASON
12307,validation,DERMASON
12308,train,DERMASON
12309,validation,DERMASON
12310,train,DERMASON
12311,test,DERMASON
12312,train,DERMASON
12313,train,DERMASON
12314,train,DERMASON
12315,test,DERMASON
12316,train,DERMASON
12317,train,DERMASON
12318,test,DERMASON
12319,train,DERMASON
12320,train,DERMASON
12321,test,DERMASON
12322,test,DERMASON
12323,train,DERMASON
12324,validation,DERMASON
12325,train,DERMASON
12326,train,DERMASON
12327,test,DERMASON
12328,train,DERMASON
12329,train,DERMASON
12330,test,DERMASON
12331,train,DERMASON
12332,train,DERMASON
12333,train,DERMASON
12334,train,DERMASON
12335,train,DERMASON
12336,train,DERMASON
12337,train,DERMASON
12338,train,DERMASON
12339,test,DERMASON
12340,train,DERMASON
12341,train,DERMASON
12342,test,DERMASON
12343,train,DERMASON
12344,train,DERMASON
12345,train,DERMASON
12346,train,DERMASON
12347,validation,DERMASON
12348,train,DERMASON
12349,train,DERMASON
12350,train,DERMASON
12351,train,DERMASON
12352,train,DERMASON
12353,train,DERMASON
12354,train,DERMASON
12355,train,DERMASON
12356,train,DERMASON
12357,test,DERMASON
12358,train,DERMASON
12359,test,DERMASON
12360,test,DERMASON
12361,train,DERMASON
12362,train,DERMASON
12363,train,DERMASON
12364,train,DERMASON
12365,train,DERMASON
12366,train,DERMASON
12367,train,DERMASON
12368,train,DERMASON
12369,train,DERMASON
12370,validation,DERMASON
12371,train,DERMASON
12372,test,DERMASON
12373,validation,DERMASON
12374,test,DERMASON
12375,train,DERMASON
12376,train,DERMASON
12377,train,DERMASON
12378,validation,DERMASON
12379,validation,DERMASON
12380,train,DERMASON
12381,train,DERMASON
12382,train,DERMASON
12383,train,DERMASON
12384,validation,DERMASON
12385,train,DERMASON
12386,test,DERMASON
12387,train,DERMASON
12388,train,DERMASON
12389,validation,DERMASON
12390,train,DERMASON
12391,train,DERMASON
12392,train,DERMASON
12393,train,DERMASON
12394,test,DERMASON
12395,validation,DERMASON
12396,train,DERMASON
12397,train,DERMASON
12398,train,DERMASON
12399,train,DERMASON
12400,train,DERMASON
12401,validation,DERMASON
12402,train,DERMASON
12403,train,DERMASON
12404,train,DERMASON
12405,train,DERMASON
12406,test,DERMASON
12407,validation,DERMASON
12408,test,DERMASON
12409,train,DERMASON
12410,train,DERMASON
12411,validation,DERMASON
12412,train,DERMASON
12413,train,DERMASON
12414,test,DERMASON
12415,validation,DERMASON
12416,train,DERMASON
12417,train,DERMASON
12418,train,DERMASON
12419,train,DERMASON
12420,train,DERMASON
12421,train,DERMASON
12422,train,DERMASON
12423,test,DERMASON
12424,test,DERMASON
12425,test,DERMASON
12426,train,DERMASON
12427,train,DERMASON
12428,train,DERMASON
12429,train,DERMASON
12430,train,DERMASON
12431,test,DERMASON
12432,train,DERMASON
12433,validation,DERMASON
12434,validation,DERMASON
12435,train,DERMASON
12436,validation,DERMASON
12437,validation,DERMASON
12438,validation,DERMASON
12439,validation,DERMASON
12440,train,DERMASON
12441,train,DERMASON
12442,test,DERMASON
12443,test,DERMASON
12444,train,DERMASON
12445,validation,DERMASON
12446,train,DERMASON
12447,train,DERMASON
12448,validation,DERMASON
12449,validation,DERMASON
12450,validation,DERMASON
12451,test,DERMASON
12452,train,DERMASON
12453,train,DERMASON
12454,train,DERMASON
12455,train,DERMASON
12456,train,DERMASON
12457,train,DERMASON
12458,train,DERMASON
12459,train,DERMASON
12460,train,DERMASON
12461,train,DERMASON
12462,train,DERMASON
12463,train,DERMASON
12464,train,DERMASON
12465,train,DERMASON
12466,test,DERMASON
12467,train,DERMASON
12468,train,DERMASON
12469,train,DERMASON
12470,train,DERMASON
12471,train,DERMASON
12472,train,DERMASON
12473,test,DERMASON
12474,test,DERMASON
12475,test,DERMASON
12476,train,DERMASON
12477,train,DERMASON
12478,train,DERMASON
12479,test,DERMASON
12480,train,DERMASON
12481,train,DERMASON
12482,train,DERMASON
12483,train,DERMASON
12484,train,DERMASON
12485,test,DERMASON
12486,train,DERMASON
12487,validation,DERMASON
12488,train,DERMASON
12489,test,DERMASON
12490,train,DERMASON
12491,test,DERMASON
12492,train,DERMASON
12493,train,DERMASON
12494,train,DERMASON
12495,train,DERMASON
12496,train,DERMASON
12497,train,DERMASON
12498,train,DERMASON
12499,test,DERMASON
12500,train,DERMASON
12501,train,DERMASON
12502,validation,DERMASON
12503,test,DERMASON
12504,train,DERMASON
12505,train,DERMASON
12506,train,DERMASON
12507,train,DERMASON
12508,train,DERMASON
12509,train,DERMASON
12510,train,DERMASON
12511,train,DERMASON
12512,train,DERMASON
12513,test,DERMASON
12514,train,DERMASON
12515,validation,DERMASON
12516,test,DERMASON
12517,train,DERMASON
12518,train,DERMASON
12519,train,DERMASON
12520,validation,DERMASON
12521,test,DERMASON
12522,train,DERMASON
12523,train,DERMASON
12524,test,DERMASON
12525,train,DERMASON
12526,test,DERMASON
12527,train,DERMASON
12528,test,DERMASON
12529,train,DERMASON
12530,train,DERMASON
12531,train,DERMASON
12532,test,DERMASON
12533,validation,DERMASON
12534,validation,DERMASON
12535,train,DERMASON
12536,train,DERMASON
12537,test,DERMASON
12538,train,DERMASON
12539,train,DERMASON
12540,test,DERMASON
12541,train,DERMASON
12542,train,DERMASON
12543,train,DERMASON
12544,train,DERMASON
12545,test,DERMASON
12546,train,DERMASON
12547,train,DERMASON
12548,validation,DERMASON
12549,train,DERMASON
12550,train,DERMASON
12551,train,DERMASON
12552,train,DERMASON
12553,train,DERMASON
12554,train,DERMASON
12555,train,DERMASON
12556,train,DERMASON
12557,train,DERMASON
12558,test,DERMASON
12559,train,DERMASON
12560,train,DERMASON
12561,train,DERMASON
12562,validation,DERMASON
12563,train,DERMASON
12564,train,DERMASON
12565,test,DERMASON
12566,train,DERMASON
12567,test,DERMASON
12568,test,DERMASON
12569,validation,DERMASON
12570,train,DERMASON
12571,validation,DERMASON
12572,train,DERMASON
12573,train,DERMASON
12574,train,DERMASON
12575,train,DERMASON
12576,train,DERMASON
12577,test,DERMASON
12578,train,DERMASON
12579,train,DERMASON
12580,train,DERMASON
12581,train,DERMASON
12582,train,DERMASON
12583,test,DERMASON
12584,train,DERMASON
12585,train,DERMASON
12586,train,DERMASON
12587,train,DERMASON
12588,train,DERMASON
12589,validation,DERMASON
12590,test,DERMASON
12591,train,DERMASON
12592,train,DERMASON
12593,train,DERMASON
12594,train,DERMASON
12595,train,DERMASON
12596,train,DERMASON
12597,train,DERMASON
12598,train,DERMASON
12599,train,DERMASON
12600,validation,DERMASON
12601,validation,DERMASON
12602,train,DERMASON
12603,train,DERMASON
12604,train,DERMASON
12605,train,DERMASON
12606,train,DERMASON
12607,train,DERMASON
12608,train,DERMASON
12609,train,DERMASON
12610,train,DERMASON
12611,train,DERMASON
12612,train,DERMASON
12613,train,DERMASON
12614,train,DERMASON
12615,train,DERMASON
12616,test,DERMASON
12617,test,DERMASON
12618,train,DERMASON
12619,test,DERMASON
12620,test,DERMASON
12621,validation,DERMASON
12622,train,DERMASON
12623,train,DERMASON
12624,test,DERMASON
12625,train,DERMASON
12626,train,DERMASON
12627,train,DERMASON
12628,train,DERMASON
12629,train,DERMASON
12630,train,DERMASON
12631,test,DERMASON
12632,validation,DERMASON
12633,train,DERMASON
12634,train,DERMASON
12635,train,DERMASON
12636,train,DERMASON
12637,train,DERMASON
12638,train,DERMASON
12639,train,DERMASON
12640,train,DERMASON
12641,train,DERMASON
12642,train,DERMASON
12643,validation,DERMASON
12644,validation,DERMASON
12645,train,DERMASON
12646,train,DERMASON
12647,validation,DERMASON
12648,test,DERMASON
12649,validation,DERMASON
12650,train,DERMASON
12651,train,DERMASON
12652,validation,DERMASON
12653,train,DERMASON
12654,train,DERMASON
12655,train,DERMASON
12656,test,DERMASON
12657,train,DERMASON
12658,test,DERMASON
12659,train,DERMASON
12660,train,DERMASON
12661,test,DERMASON
12662,train,DERMASON
12663,train,DERMASON
12664,train,DERMASON
12665,test,DERMASON
12666,train,DERMASON
12667,test,DERMASON
12668,train,DERMASON
12669,train,DERMASON
12670,train,DERMASON
12671,validation,DERMASON
12672,test,DERMASON
12673,train,DERMASON
12674,train,DERMASON
12675,test,DERMASON
12676,test,DERMASON
12677,test,DERMASON
12678,test,DERMASON
12679,train,DERMASON
12680,train,DERMASON
12681,test,DERMASON
12682,train,DERMASON
12683,train,DERMASON
12684,train,DERMASON
12685,train,DERMASON
12686,train,DERMASON
12687,train,DERMASON
12688,train,DERMASON
12689,validation,DERMASON
12690,train,DERMASON
12691,train,DERMASON
12692,train,DERMASON
12693,train,DERMASON
12694,train,DERMASON
12695,train,DERMASON
12696,train,DERMASON
12697,train,DERMASON
12698,validation,DERMASON
12699,train,DERMASON
12700,test,DERMASON
12701,validation,DERMASON
12702,train,DERMASON
12703,train,DERMASON
12704,train,DERMASON
12705,validation,DERMASON
12706,train,DERMASON
12707,test,DERMASON
12708,train,DERMASON
12709,train,DERMASON
12710,validation,DERMASON
12711,train,DERMASON
12712,train,DERMASON
12713,train,DERMASON
12714,train,DERMASON
12715,train,DERMASON
12716,validation,DERMASON
12717,test,DERMASON
12718,train,DERMASON
12719,train,DERMASON
12720,validation,DERMASON
12721,train,DERMASON
12722,test,DERMASON
12723,train,DERMASON
12724,validation,DERMASON
12725,test,DERMASON
12726,test,DERMASON
12727,train,DERMASON
12728,train,DERMASON
12729,train,DERMASON
12730,train,DERMASON
12731,train,DERMASON
12732,train,DERMASON
12733,test,DERMASON
12734,train,DERMASON
12735,validation,DERMASON
12736,validation,DERMASON
12737,train,DERMASON
12738,train,DERMASON
12739,validation,DERMASON
12740,test,DERMASON
12741,train,DERMASON
12742,train,DERMASON
12743,train,DERMASON
12744,validation,DERMASON
12745,test,DERMASON
12746,validation,DERMASON
12747,train,DERMASON
12748,train,DERMASON
12749,train,DERMASON
12750,train,DERMASON
12751,train,DERMASON
12752,validation,DERMASON
12753,train,DERMASON
12754,train,DERMASON
12755,train,DERMASON
12756,train,DERMASON
12757,train,DERMASON
12758,train,DERMASON
12759,test,DERMASON
12760,train,DERMASON
12761,train,DERMASON
12762,train,DERMASON
12763,train,DERMASON
12764,train,DERMASON
12765,train,DERMASON
12766,train,DERMASON
12767,train,DERMASON
12768,train,DERMASON
12769,test,DERMASON
12770,train,DERMASON
12771,train,DERMASON
12772,train,DERMASON
12773,test,DERMASON
12774,train,DERMASON
12775,train,DERMASON
12776,train,DERMASON
12777,validation,DERMASON
12778,train,DERMASON
12779,train,DERMASON
12780,train,DERMASON
12781,train,DERMASON
12782,train,DERMASON
12783,train,DERMASON
12784,train,DERMASON
12785,train,DERMASON
12786,train,DERMASON
12787,train,DERMASON
12788,train,DERMASON
12789,train,DERMASON
12790,validation,DERMASON
12791,train,DERMASON
12792,test,DERMASON
12793,validation,DERMASON
12794,train,DERMASON
12795,train,DERMASON
12796,train,DERMASON
12797,train,DERMASON
12798,train,DERMASON
12799,train,DERMASON
12800,test,DERMASON
12801,train,DERMASON
12802,train,DERMASON
12803,validation,DERMASON
12804,train,DERMASON
12805,test,DERMASON
12806,validation,DERMASON
12807,train,DERMASON
12808,test,DERMASON
12809,train,DERMASON
12810,validation,DERMASON
12811,train,DERMASON
12812,train,DERMASON
12813,train,DERMASON
12814,validation,DERMASON
12815,test,DERMASON
12816,train,DERMASON
12817,train,DERMASON
12818,train,DERMASON
12819,test,DERMASON
12820,train,DERMASON
12821,validation,DERMASON
12822,train,DERMASON
12823,train,DERMASON
12824,train,DERMASON
12825,train,DERMASON
12826,test,DERMASON
12827,train,DERMASON
12828,validation,DERMASON
12829,train,DERMASON
12830,test,DERMASON
12831,train,DERMASON
12832,train,DERMASON
12833,train,DERMASON
12834,train,DERMASON
12835,train,DERMASON
12836,train,DERMASON
12837,train,DERMASON
12838,test,DERMASON
12839,train,DERMASON
12840,test,DERMASON
12841,validation,DERMASON
12842,train,DERMASON
12843,train,DERMASON
12844,train,DERMASON
12845,test,DERMASON
12846,train,DERMASON
12847,train,DERMASON
12848,validation,DERMASON
12849,train,DERMASON
12850,train,DERMASON
12851,train,DERMASON
12852,test,DERMASON
12853,test,DERMASON
12854,train,DERMASON
12855,train,DERMASON
12856,train,DERMASON
12857,validation,DERMASON
12858,train,DERMASON
12859,train,DERMASON
12860,validation,DERMASON
12861,train,DERMASON
12862,train,DERMASON
12863,validation,DERMASON
12864,train,DERMASON
12865,validation,DERMASON
12866,test,DERMASON
12867,train,DERMASON
12868,validation,DERMASON
12869,train,DERMASON
12870,train,DERMASON
12871,train,DERMASON
12872,train,DERMASON
12873,train,DERMASON
12874,train,DERMASON
12875,train,DERMASON
12876,train,DERMASON
12877,train,DERMASON
12878,train,DERMASON
12879,test,DERMASON
12880,train,DERMASON
12881,train,DERMASON
12882,train,DERMASON
12883,train,DERMASON
12884,train,DERMASON
12885,train,DERMASON
12886,train,DERMASON
12887,test,DERMASON
12888,test,DERMASON
12889,validation,DERMASON
12890,train,DERMASON
12891,test,DERMASON
12892,train,DERMASON
12893,test,DERMASON
12894,train,DERMASON
12895,test,DERMASON
12896,test,DERMASON
12897,test,DERMASON
12898,train,DERMASON
12899,train,DERMASON
12900,train,DERMASON
12901,train,DERMASON
12902,test,DERMASON
12903,test,DERMASON
12904,train,DERMASON
12905,train,DERMASON
12906,test,DERMASON
12907,train,DERMASON
12908,train,DERMASON
12909,train,DERMASON
12910,train,DERMASON
12911,test,DERMASON
12912,train,DERMASON
12913,test,DERMASON
12914,train,DERMASON
12915,train,DERMASON
12916,train,DERMASON
12917,test,DERMASON
12918,train,DERMASON
12919,train,DERMASON
12920,train,DERMASON
12921,train,DERMASON
12922,test,DERMASON
12923,test,DERMASON
12924,train,DERMASON
12925,train,DERMASON
12926,train,DERMASON
12927,train,DERMASON
12928,train,DERMASON
12929,train,DERMASON
12930,train,DERMASON
12931,train,DERMASON
12932,train,DERMASON
12933,train,DERMASON
12934,validation,DERMASON
12935,train,DERMASON
12936,test,DERMASON
12937,train,DERMASON
12938,train,DERMASON
12939,train,DERMASON
12940,test,DERMASON
12941,train,DERMASON
12942,test,DERMASON
12943,train,DERMASON
12944,train,DERMASON
12945,test,DERMASON
12946,train,DERMASON
12947,train,DERMASON
12948,validation,DERMASON
12949,train,DERMASON
12950,validation,DERMASON
12951,train,DERMASON
12952,train,DERMASON
12953,train,DERMASON
12954,train,DERMASON
12955,train,DERMASON
12956,train,DERMASON
12957,train,DERMASON
12958,train,DERMASON
12959,test,DERMASON
12960,validation,DERMASON
12961,validation,DERMASON
12962,train,DERMASON
12963,train,DERMASON
12964,test,DERMASON
12965,train,DERMASON
12966,train,DERMASON
12967,train,DERMASON
12968,train,DERMASON
12969,train,DERMASON
12970,validation,DERMASON
12971,train,DERMASON
12972,train,DERMASON
12973,train,DERMASON
12974,train,DERMASON
12975,test,DERMASON
12976,train,DERMASON
12977,train,DERMASON
12978,train,DERMASON
12979,train,DERMASON
12980,validation,DERMASON
12981,test,DERMASON
12982,train,DERMASON
12983,validation,DERMASON
12984,train,DERMASON
12985,validation,DERMASON
12986,train,DERMASON
12987,test,DERMASON
12988,train,DERMASON
12989,validation,DERMASON
12990,train,DERMASON
12991,validation,DERMASON
12992,train,DERMASON
12993,train,DERMASON
12994,train,DERMASON
12995,train,DERMASON
12996,train,DERMASON
12997,train,DERMASON
12998,train,DERMASON
12999,train,DERMASON
13000,train,DERMASON
13001,test,DERMASON
13002,train,DERMASON
13003,test,DERMASON
13004,train,DERMASON
13005,train,DERMASON
13006,train,DERMASON
13007,train,DERMASON
13008,train,DERMASON
13009,test,DERMASON
13010,test,DERMASON
13011,train,DERMASON
13012,train,DERMASON
13013,train,DERMASON
13014,train,DERMASON
13015,train,DERMASON
13016,validation,DERMASON
13017,train,DERMASON
13018,train,DERMASON
13019,train,DERMASON
13020,train,DERMASON
13021,test,DERMASON
13022,train,DERMASON
13023,test,DERMASON
13024,train,DERMASON
13025,validation,DERMASON
13026,train,DERMASON
13027,train,DERMASON
13028,train,DERMASON
13029,train,DERMASON
13030,train,DERMASON
13031,validation,DERMASON
13032,train,DERMASON
13033,train,DERMASON
13034,train,DERMASON
13035,validation,DERMASON
13036,validation,DERMASON
13037,validation,DERMASON
13038,train,DERMASON
13039,train,DERMASON
13040,train,DERMASON
13041,train,DERMASON
13042,train,DERMASON
13043,test,DERMASON
13044,train,DERMASON
13045,validation,DERMASON
13046,train,DERMASON
13047,train,DERMASON
13048,test,DERMASON
13049,train,DERMASON
13050,train,DERMASON
13051,test,DERMASON
13052,validation,DERMASON
13053,train,DERMASON
13054,train,DERMASON
13055,train,DERMASON
13056,train,DERMASON
13057,train,DERMASON
13058,validation,DERMASON
13059,train,DERMASON
13060,train,DERMASON
13061,validation,DERMASON
13062,validation,DERMASON
13063,validation,DERMASON
13064,train,DERMASON
13065,validation,DERMASON
13066,train,DERMASON
13067,train,DERMASON
13068,validation,DERMASON
13069,train,DERMASON
13070,train,DERMASON
13071,train,DERMASON
13072,train,DERMASON
13073,test,DERMASON
13074,train,DERMASON
13075,test,DERMASON
13076,train,DERMASON
13077,train,DERMASON
13078,train,DERMASON
13079,train,DERMASON
13080,train,DERMASON
13081,train,DERMASON
13082,train,DERMASON
13083,train,DERMASON
13084,train,DERMASON
13085,train,DERMASON
13086,train,DERMASON
13087,train,DERMASON
13088,train,DERMASON
13089,test,DERMASON
13090,train,DERMASON
13091,validation,DERMASON
13092,train,DERMASON
13093,train,DERMASON
13094,train,DERMASON
13095,validation,DERMASON
13096,train,DERMASON
13097,train,DERMASON
13098,train,DERMASON
13099,train,DERMASON
13100,train,DERMASON
13101,train,DERMASON
13102,train,DERMASON
13103,validation,DERMASON
13104,train,DERMASON
13105,validation,DERMASON
13106,train,DERMASON
13107,validation,DERMASON
13108,validation,DERMASON
13109,train,DERMASON
13110,validation,DERMASON
13111,train,DERMASON
13112,train,DERMASON
13113,train,DERMASON
13114,train,DERMASON
13115,test,DERMASON
13116,train,DERMASON
13117,train,DERMASON
13118,test,DERMASON
13119,train,DERMASON
13120,train,DERMASON
13121,train,DERMASON
13122,train,DERMASON
13123,train,DERMASON
13124,train,DERMASON
13125,train,DERMASON
13126,train,DERMASON
13127,train,DERMASON
13128,validation,DERMASON
13129,validation,DERMASON
13130,validation,DERMASON
13131,train,DERMASON
13132,train,DERMASON
13133,train,DERMASON
13134,train,DERMASON
13135,train,DERMASON
13136,validation,DERMASON
13137,train,DERMASON
13138,train,DERMASON
13139,validation,DERMASON
13140,train,DERMASON
13141,test,DERMASON
13142,train,DERMASON
13143,train,DERMASON
13144,train,DERMASON
13145,train,DERMASON
13146,validation,DERMASON
13147,train,DERMASON
13148,train,DERMASON
13149,validation,DERMASON
13150,validation,DERMASON
13151,validation,DERMASON
13152,train,DERMASON
13153,train,DERMASON
13154,test,DERMASON
13155,test,DERMASON
13156,validation,DERMASON
13157,train,DERMASON
13158,train,DERMASON
13159,test,DERMASON
13160,validation,DERMASON
13161,test,DERMASON
13162,train,DERMASON
13163,train,DERMASON
13164,test,DERMASON
13165,train,DERMASON
13166,train,DERMASON
13167,train,DERMASON
13168,train,DERMASON
13169,test,DERMASON
13170,test,DERMASON
13171,train,DERMASON
13172,train,DERMASON
13173,train,DERMASON
13174,train,DERMASON
13175,train,DERMASON
13176,train,DERMASON
13177,train,DERMASON
13178,train,DERMASON
13179,train,DERMASON
13180,validation,DERMASON
13181,validation,DERMASON
13182,train,DERMASON
13183,train,DERMASON
13184,train,DERMASON
13185,train,DERMASON
13186,validation,DERMASON
13187,train,DERMASON
13188,train,DERMASON
13189,train,DERMASON
13190,test,DERMASON
13191,train,DERMASON
13192,train,DERMASON
13193,validation,DERMASON
13194,train,DERMASON
13195,test,DERMASON
13196,train,DERMASON
13197,train,DERMASON
13198,train,DERMASON
13199,train,DERMASON
13200,test,DERMASON
13201,train,DERMASON
13202,train,DERMASON
13203,train,DERMASON
13204,validation,DERMASON
13205,train,DERMASON
13206,train,DERMASON
13207,train,DERMASON
13208,train,DERMASON
13209,train,DERMASON
13210,validation,DERMASON
13211,train,DERMASON
13212,train,DERMASON
13213,test,DERMASON
13214,train,DERMASON
13215,train,DERMASON
13216,train,DERMASON
13217,test,DERMASON
13218,validation,DERMASON
13219,train,DERMASON
13220,train,DERMASON
13221,train,DERMASON
13222,train,DERMASON
13223,train,DERMASON
13224,train,DERMASON
13225,train,DERMASON
13226,validation,DERMASON
13227,train,DERMASON
13228,test,DERMASON
13229,train,DERMASON
13230,validation,DERMASON
13231,train,DERMASON
13232,validation,DERMASON
13233,test,DERMASON
13234,train,DERMASON
13235,train,DERMASON
13236,validation,DERMASON
13237,train,DERMASON
13238,validation,DERMASON
13239,train,DERMASON
13240,test,DERMASON
13241,train,DERMASON
13242,train,DERMASON
13243,train,DERMASON
13244,train,DERMASON
13245,train,DERMASON
13246,train,DERMASON
13247,train,DERMASON
13248,validation,DERMASON
13249,train,DERMASON
13250,train,DERMASON
13251,test,DERMASON
13252,train,DERMASON
13253,validation,DERMASON
13254,train,DERMASON
13255,train,DERMASON
13256,train,DERMASON
13257,train,DERMASON
13258,train,DERMASON
13259,train,DERMASON
13260,train,DERMASON
13261,train,DERMASON
13262,train,DERMASON
13263,validation,DERMASON
13264,test,DERMASON
13265,validation,DERMASON
13266,train,DERMASON
13267,train,DERMASON
13268,train,DERMASON
13269,train,DERMASON
13270,test,DERMASON
13271,train,DERMASON
13272,validation,DERMASON
13273,train,DERMASON
13274,validation,DERMASON
13275,train,DERMASON
13276,train,DERMASON
13277,train,DERMASON
13278,train,DERMASON
13279,validation,DERMASON
13280,train,DERMASON
13281,test,DERMASON
13282,train,DERMASON
13283,validation,DERMASON
13284,train,DERMASON
13285,validation,DERMASON
13286,train,DERMASON
13287,train,DERMASON
13288,train,DERMASON
13289,train,DERMASON
13290,test,DERMASON
13291,train,DERMASON
13292,validation,DERMASON
13293,train,DERMASON
13294,train,DERMASON
13295,train,DERMASON
13296,train,DERMASON
13297,train,DERMASON
13298,train,DERMASON
13299,train,DERMASON
13300,test,DERMASON
13301,validation,DERMASON
13302,validation,DERMASON
13303,train,DERMASON
13304,train,DERMASON
13305,train,DERMASON
13306,train,DERMASON
13307,train,DERMASON
13308,test,DERMASON
13309,train,DERMASON
13310,train,DERMASON
13311,train,DERMASON
13312,train,DERMASON
13313,train,DERMASON
13314,test,DERMASON
13315,train,DERMASON
13316,train,DERMASON
13317,train,DERMASON
13318,validation,DERMASON
13319,train,DERMASON
13320,train,DERMASON
13321,validation,DERMASON
13322,train,DERMASON
13323,train,DERMASON
13324,test,DERMASON
13325,train,DERMASON
13326,train,DERMASON
13327,train,DERMASON
13328,train,DERMASON
13329,train,DERMASON
13330,test,DERMASON
13331,test,DERMASON
13332,train,DERMASON
13333,train,DERMASON
13334,train,DERMASON
13335,train,DERMASON
13336,train,DERMASON
13337,validation,DERMASON
13338,train,DERMASON
13339,train,DERMASON
13340,train,DERMASON
13341,test,DERMASON
13342,train,DERMASON
13343,train,DERMASON
13344,validation,DERMASON
13345,train,DERMASON
13346,train,DERMASON
13347,train,DERMASON
13348,train,DERMASON
13349,train,DERMASON
13350,test,DERMASON
13351,test,DERMASON
13352,train,DERMASON
13353,train,DERMASON
13354,train,DERMASON
13355,train,DERMASON
13356,train,DERMASON
13357,train,DERMASON
13358,train,DERMASON
13359,train,DERMASON
13360,validation,DERMASON
13361,validation,DERMASON
13362,train,DERMASON
13363,train,DERMASON
13364,train,DERMASON
13365,train,DERMASON
13366,test,DERMASON
13367,test,DERMASON
13368,train,DERMASON
13369,validation,DERMASON
13370,train,DERMASON
13371,train,DERMASON
13372,train,DERMASON
13373,train,DERMASON
13374,test,DERMASON
13375,validation,DERMASON
13376,validation,DERMASON
13377,validation,DERMASON
13378,train,DERMASON
13379,train,DERMASON
13380,train,DERMASON
13381,train,DERMASON
13382,train,DERMASON
13383,train,DERMASON
13384,test,DERMASON
13385,train,DERMASON
13386,train,DERMASON
13387,test,DERMASON
13388,train,DERMASON
13389,validation,DERMASON
13390,test,DERMASON
13391,train,DERMASON
13392,train,DERMASON
13393,test,DERMASON
13394,train,DERMASON
13395,validation,DERMASON
13396,test,DERMASON
13397,train,DERMASON
13398,train,DERMASON
13399,train,DERMASON
13400,test,DERMASON
13401,test,DERMASON
13402,train,DERMASON
13403,train,DERMASON
13404,train,DERMASON
13405,train,DERMASON
13406,validation,DERMASON
13407,train,DERMASON
13408,train,DERMASON
13409,train,DERMASON
13410,train,DERMASON
13411,train,DERMASON
13412,train,DERMASON
13413,train,DERMASON
13414,train,DERMASON
13415,train,DERMASON
13416,train,DERMASON
13417,train,DERMASON
13418,validation,DERMASON
13419,test,DERMASON
13420,train,DERMASON
13421,validation,DERMASON
13422,train,DERMASON
13423,train,DERMASON
13424,train,DERMASON
13425,test,DERMASON
13426,validation,DERMASON
13427,train,DERMASON
13428,test,DERMASON
13429,train,DERMASON
13430,train,DERMASON
13431,validation,DERMASON
13432,validation,DERMASON
13433,train,DERMASON
13434,train,DERMASON
13435,train,DERMASON
13436,train,DERMASON
13437,train,DERMASON
13438,validation,DERMASON
13439,test,DERMASON
13440,test,DERMASON
13441,train,DERMASON
13442,validation,DERMASON
13443,train,DERMASON
13444,train,DERMASON
13445,validation,DERMASON
13446,train,DERMASON
13447,validation,DERMASON
13448,test,DERMASON
13449,test,DERMASON
13450,train,DERMASON
13451,train,DERMASON
13452,test,DERMASON
13453,test,DERMASON
13454,validation,DERMASON
13455,train,DERMASON
13456,train,DERMASON
13457,train,DERMASON
13458,train,DERMASON
13459,train,DERMASON
13460,train,DERMASON
13461,train,DERMASON
13462,train,DERMASON
13463,test,DERMASON
13464,test,DERMASON
13465,test,DERMASON
13466,validation,DERMASON
13467,validation,DERMASON
13468,train,DERMASON
13469,train,DERMASON
13470,train,DERMASON
13471,train,DERMASON
13472,validation,DERMASON
13473,train,DERMASON
13474,train,DERMASON
13475,train,DERMASON
13476,train,DERMASON
13477,validation,DERMASON
13478,test,DERMASON
13479,test,DERMASON
13480,test,DERMASON
13481,train,DERMASON
13482,train,DERMASON
13483,train,DERMASON
13484,train,DERMASON
13485,train,DERMASON
13486,validation,DERMASON
13487,train,DERMASON
13488,validation,DERMASON
13489,train,DERMASON
13490,train,DERMASON
13491,test,DERMASON
13492,train,DERMASON
13493,train,DERMASON
13494,validation,DERMASON
13495,train,DERMASON
13496,train,DERMASON
13497,train,DERMASON
13498,train,DERMASON
13499,validation,DERMASON
13500,train,DERMASON
13501,validation,DERMASON
13502,train,DERMASON
13503,train,DERMASON
13504,test,DERMASON
13505,train,DERMASON
13506,train,DERMASON
13507,train,DERMASON
13508,test,DERMASON
13509,train,DERMASON
13510,train,DERMASON
13511,train,DERMASON
13512,train,DERMASON
13513,test,DERMASON
13514,train,DERMASON
13515,train,DERMASON
13516,test,DERMASON
13517,train,DERMASON
13518,train,DERMASON
13519,validation,DERMASON
13520,test,DERMASON
13521,train,DERMASON
13522,train,DERMASON
13523,train,DERMASON
13524,train,DERMASON
13525,validation,DERMASON
13526,train,DERMASON
13527,train,DERMASON
13528,test,DERMASON
13529,validation,DERMASON
13530,train,DERMASON
13531,validation,DERMASON
13532,train,DERMASON
13533,train,DERMASON
13534,train,DERMASON
13535,train,DERMASON
13536,train,DERMASON
13537,train,DERMASON
13538,train,DERMASON
13539,train,DERMASON
13540,train,DERMASON
13541,test,DERMASON
13542,test,DERMASON
13543,train,DERMASON
13544,train,DERMASON
13545,train,DERMASON
13546,test,DERMASON
13547,train,DERMASON
13548,train,DERMASON
13549,train,DERMASON
13550,train,DERMASON
13551,test,DERMASON
13552,test,DERMASON
13553,test,DERMASON
13554,train,DERMASON
13555,test,DERMASON
13556,validation,DERMASON
13557,validation,DERMASON
13558,test,DERMASON
13559,validation,DERMASON
13560,train,DERMASON
13561,train,DERMASON
13562,test,DERMASON
13563,train,DERMASON
13564,train,DERMASON
13565,train,DERMASON
13566,train,DERMASON
13567,validation,DERMASON
13568,train,DERMASON
13569,train,DERMASON
13570,train,DERMASON
13571,train,DERMASON
13572,test,DERMASON
13573,train,DERMASON
13574,train,DERMASON
13575,train,DERMASON
13576,train,DERMASON
13577,test,DERMASON
13578,train,DERMASON
13579,train,DERMASON
13580,train,DERMASON
13581,train,DERMASON
13582,validation,DERMASON
13583,train,DERMASON
13584,test,DERMASON
13585,train,DERMASON
13586,train,DERMASON
13587,validation,DERMASON
13588,train,DERMASON
13589,train,DERMASON
13590,train,DERMASON
13591,test,DERMASON
13592,train,DERMASON
13593,test,DERMASON
13594,train,DERMASON
13595,train,DERMASON
13596,train,DERMASON
13597,validation,DERMASON
13598,validation,DERMASON
13599,test,DERMASON
13600,train,DERMASON
13601,test,DERMASON
13602,test,DERMASON
13603,train,DERMASON
13604,test,DERMASON
13605,train,DERMASON
13606,train,DERMASON
13607,train,DERMASON
13608,train,DERMASON
13609,validation,DERMASON
13610,validation,DERMASON
